"id"|"first_name"|"last_name"|"email"|"gender"|"ip_address"|"full_name"
1|"Margaretta"|"Laughtisse"|"mlaughtisse0@mediafire.com"|"Genderfluid"|"Genderfluid"|"Margaretta Laughtisse"
2|"Vally"|"Garment"|"vgarment1@wisc.edu"|"Bigender"|"Bigender"|"Vally Garment"
3|"Tessa"|"Curee"|"tcuree2@php.net"|"Bigender"|"Bigender"|"Tessa Curee"
4|"Arman"|"Heineking"|"aheineking3@tuttocitta.it"|"Male"|"Male"|"Arman Heineking"
5|"Roselia"|"Trustie"|"rtrustie4@ft.com"|"Non-binary"|"Non-binary"|"Roselia Trustie"
6|"Roxie"|"Springett"|"rspringett5@deviantart.com"|"Male"|"Male"|"Roxie Springett"
7|"Gabi"|"Kernell"|"gkernell6@hugedomains.com"|"Female"|"Female"|"Gabi Kernell"
8|"Dino"|"Kentwell"|"dkentwell7@com.com"|"Agender"|"Agender"|"Dino Kentwell"
9|"Petronilla"|"Jandel"|"pjandel8@amazon.co.uk"|"Female"|"Female"|"Petronilla Jandel"
10|"Courtnay"|"Zecchinelli"|"czecchinelli9@cam.ac.uk"|"Genderfluid"|"Genderfluid"|"Courtnay Zecchinelli"
11|"Sunny"|"Kennermann"|"skennermanna@quantcast.com"|"Genderqueer"|"Genderqueer"|"Sunny Kennermann"
12|"Dayle"|"McCrachen"|"dmccrachenb@booking.com"|"Genderqueer"|"Genderqueer"|"Dayle McCrachen"
13|"Cassie"|"Perschke"|"cperschkec@goo.gl"|"Genderqueer"|"Genderqueer"|"Cassie Perschke"
14|"Roshelle"|"Peskin"|"rpeskind@patch.com"|"Genderqueer"|"Genderqueer"|"Roshelle Peskin"
15|"Carlie"|"Simonnot"|"csimonnote@surveymonkey.com"|"Female"|"Female"|"Carlie Simonnot"
16|"Gan"|"Siuda"|"gsiudaf@ucoz.ru"|"Agender"|"Agender"|"Gan Siuda"
17|"Klarika"|"Filimore"|"kfilimoreg@creativecommons.org"|"Agender"|"Agender"|"Klarika Filimore"
18|"Lennie"|"Bilbrook"|"lbilbrookh@hatena.ne.jp"|"Bigender"|"Bigender"|"Lennie Bilbrook"
19|"August"|"Cristoforo"|"acristoforoi@goo.ne.jp"|"Genderfluid"|"Genderfluid"|"August Cristoforo"
20|"Avrit"|"Milburne"|"amilburnej@yahoo.com"|"Bigender"|"Bigender"|"Avrit Milburne"
21|"Freeland"|"Sperling"|"fsperlingk@a8.net"|"Genderqueer"|"Genderqueer"|"Freeland Sperling"
22|"Brice"|"Elintune"|"belintunel@mlb.com"|"Non-binary"|"Non-binary"|"Brice Elintune"
23|"Tobi"|"Paskell"|"tpaskellm@reference.com"|"Genderqueer"|"Genderqueer"|"Tobi Paskell"
24|"Silvio"|"Mewett"|"smewettn@theatlantic.com"|"Bigender"|"Bigender"|"Silvio Mewett"
25|"Moselle"|"Warnes"|"mwarneso@noaa.gov"|"Genderqueer"|"Genderqueer"|"Moselle Warnes"
26|"Lauri"|"Duchenne"|"lduchennep@gizmodo.com"|"Bigender"|"Bigender"|"Lauri Duchenne"
27|"Callie"|"Crilley"|"ccrilleyq@naver.com"|"Bigender"|"Bigender"|"Callie Crilley"
28|"Levon"|"Pawels"|"lpawelsr@oracle.com"|"Male"|"Male"|"Levon Pawels"
29|"Artemis"|"Huygens"|"ahuygenss@php.net"|"Non-binary"|"Non-binary"|"Artemis Huygens"
30|"Bertrando"|"Churchill"|"bchurchillt@cbsnews.com"|"Male"|"Male"|"Bertrando Churchill"
31|"Cammy"|"Dorset"|"cdorsetu@google.pl"|"Non-binary"|"Non-binary"|"Cammy Dorset"
32|"Burr"|"Hrus"|"bhrusv@guardian.co.uk"|"Genderqueer"|"Genderqueer"|"Burr Hrus"
33|"Hannie"|"Wattisham"|"hwattishamw@tinyurl.com"|"Male"|"Male"|"Hannie Wattisham"
34|"Saunder"|"McAline"|"smcalinex@cdbaby.com"|"Non-binary"|"Non-binary"|"Saunder McAline"
35|"Port"|"Espinho"|"pespinhoy@springer.com"|"Male"|"Male"|"Port Espinho"
36|"Ozzy"|"Penrice"|"openricez@github.io"|"Agender"|"Agender"|"Ozzy Penrice"
37|"Brita"|"Stangoe"|"bstangoe10@free.fr"|"Bigender"|"Bigender"|"Brita Stangoe"
38|"Francisca"|"Pelosi"|"fpelosi11@trellian.com"|"Non-binary"|"Non-binary"|"Francisca Pelosi"
39|"Basil"|"Hammarberg"|"bhammarberg12@ifeng.com"|"Genderfluid"|"Genderfluid"|"Basil Hammarberg"
40|"Marice"|"Hawkridge"|"mhawkridge13@tripod.com"|"Female"|"Female"|"Marice Hawkridge"
41|"Dawn"|"Heugle"|"dheugle14@bloomberg.com"|"Male"|"Male"|"Dawn Heugle"
42|"Ulysses"|"Hunsworth"|"uhunsworth15@sourceforge.net"|"Genderfluid"|"Genderfluid"|"Ulysses Hunsworth"
43|"Jose"|"Harmeston"|"jharmeston16@salon.com"|"Female"|"Female"|"Jose Harmeston"
44|"Gerda"|"McGlone"|"gmcglone17@goo.gl"|"Male"|"Male"|"Gerda McGlone"
45|"Gearard"|"Ingilson"|"gingilson18@hao123.com"|"Female"|"Female"|"Gearard Ingilson"
46|"Serge"|"Claw"|"sclaw19@comcast.net"|"Female"|"Female"|"Serge Claw"
47|"Brion"|"Mcettrick"|"bmcettrick1a@edublogs.org"|"Genderqueer"|"Genderqueer"|"Brion Mcettrick"
48|"Hoyt"|"Jahndel"|"hjahndel1b@ucsd.edu"|"Non-binary"|"Non-binary"|"Hoyt Jahndel"
49|"Angus"|"Sime"|"asime1c@edublogs.org"|"Non-binary"|"Non-binary"|"Angus Sime"
50|"Adolpho"|"Toal"|"atoal1d@intel.com"|"Non-binary"|"Non-binary"|"Adolpho Toal"
51|"Debora"|"Coupar"|"dcoupar1e@senate.gov"|"Genderfluid"|"Genderfluid"|"Debora Coupar"
52|"Gretta"|"Bernocchi"|"gbernocchi1f@shutterfly.com"|"Male"|"Male"|"Gretta Bernocchi"
53|"Hedwiga"|"Jacobsen"|"hjacobsen1g@163.com"|"Female"|"Female"|"Hedwiga Jacobsen"
54|"Bryana"|"Castanos"|"bcastanos1h@dion.ne.jp"|"Non-binary"|"Non-binary"|"Bryana Castanos"
55|"Kermy"|"Totman"|"ktotman1i@nih.gov"|"Agender"|"Agender"|"Kermy Totman"
56|"Elke"|"Parlor"|"eparlor1j@ebay.com"|"Polygender"|"Polygender"|"Elke Parlor"
57|"Megan"|"Janssen"|"mjanssen1k@toplist.cz"|"Genderqueer"|"Genderqueer"|"Megan Janssen"
58|"Eugene"|"Cadell"|"ecadell1l@cmu.edu"|"Male"|"Male"|"Eugene Cadell"
59|"Timothee"|"Gouth"|"tgouth1m@hatena.ne.jp"|"Agender"|"Agender"|"Timothee Gouth"
60|"Alano"|"Crassweller"|"acrassweller1n@noaa.gov"|"Agender"|"Agender"|"Alano Crassweller"
61|"Allegra"|"Annand"|"aannand1o@wikispaces.com"|"Non-binary"|"Non-binary"|"Allegra Annand"
62|"Rafaellle"|"Le Maitre"|"rlemaitre1p@auda.org.au"|"Agender"|"Agender"|"Rafaellle Le Maitre"
63|"Noreen"|"Hurle"|"nhurle1q@sohu.com"|"Bigender"|"Bigender"|"Noreen Hurle"
64|"Dur"|"Belliard"|"dbelliard1r@seattletimes.com"|"Genderqueer"|"Genderqueer"|"Dur Belliard"
65|"Benedicta"|"Fellowes"|"bfellowes1s@hao123.com"|"Bigender"|"Bigender"|"Benedicta Fellowes"
66|"Pietro"|"MacDearmaid"|"pmacdearmaid1t@indiatimes.com"|"Genderqueer"|"Genderqueer"|"Pietro MacDearmaid"
67|"Zerk"|"Rowley"|"zrowley1u@mozilla.org"|"Agender"|"Agender"|"Zerk Rowley"
68|"Shell"|"Facer"|"sfacer1v@mapquest.com"|"Non-binary"|"Non-binary"|"Shell Facer"
69|"Goldarina"|"Doneld"|"gdoneld1w@tiny.cc"|"Male"|"Male"|"Goldarina Doneld"
70|"Gustavo"|"Wallentin"|"gwallentin1x@jalbum.net"|"Bigender"|"Bigender"|"Gustavo Wallentin"
71|"Leif"|"Wooffinden"|"lwooffinden1y@fc2.com"|"Genderqueer"|"Genderqueer"|"Leif Wooffinden"
72|"Lorne"|"Chaulk"|"lchaulk1z@psu.edu"|"Non-binary"|"Non-binary"|"Lorne Chaulk"
73|"Carlynn"|"Stelfox"|"cstelfox20@sbwire.com"|"Agender"|"Agender"|"Carlynn Stelfox"
74|"Locke"|"Hainning"|"lhainning21@sitemeter.com"|"Genderfluid"|"Genderfluid"|"Locke Hainning"
75|"Gweneth"|"Stubbings"|"gstubbings22@unesco.org"|"Non-binary"|"Non-binary"|"Gweneth Stubbings"
76|"Talya"|"Caines"|"tcaines23@is.gd"|"Male"|"Male"|"Talya Caines"
77|"Dave"|"Linnitt"|"dlinnitt24@smugmug.com"|"Male"|"Male"|"Dave Linnitt"
78|"Dinnie"|"Rubinsztein"|"drubinsztein25@state.tx.us"|"Genderqueer"|"Genderqueer"|"Dinnie Rubinsztein"
79|"Angelina"|"Kubera"|"akubera26@addtoany.com"|"Female"|"Female"|"Angelina Kubera"
80|"Fredi"|"Spirritt"|"fspirritt27@tripod.com"|"Genderqueer"|"Genderqueer"|"Fredi Spirritt"
81|"Rheta"|"Struss"|"rstruss28@alibaba.com"|"Bigender"|"Bigender"|"Rheta Struss"
82|"Marie"|"Lorentz"|"mlorentz29@umich.edu"|"Non-binary"|"Non-binary"|"Marie Lorentz"
83|"Avril"|"Wisniowski"|"awisniowski2a@youtu.be"|"Genderfluid"|"Genderfluid"|"Avril Wisniowski"
84|"Jimmie"|"Yakebovich"|"jyakebovich2b@example.com"|"Non-binary"|"Non-binary"|"Jimmie Yakebovich"
85|"Lissy"|"Claricoates"|"lclaricoates2c@exblog.jp"|"Genderqueer"|"Genderqueer"|"Lissy Claricoates"
86|"Zelma"|"Boss"|"zboss2d@blogspot.com"|"Polygender"|"Polygender"|"Zelma Boss"
87|"Chase"|"Finey"|"cfiney2e@umn.edu"|"Bigender"|"Bigender"|"Chase Finey"
88|"Hubert"|"Rogez"|"hrogez2f@cnbc.com"|"Female"|"Female"|"Hubert Rogez"
89|"Eldin"|"Deboy"|"edeboy2g@mit.edu"|"Male"|"Male"|"Eldin Deboy"
90|"Ellie"|"Cliff"|"ecliff2h@chron.com"|"Male"|"Male"|"Ellie Cliff"
91|"Julie"|"Ploughwright"|"jploughwright2i@oaic.gov.au"|"Bigender"|"Bigender"|"Julie Ploughwright"
92|"Dun"|"O'Caherny"|"docaherny2j@bloglines.com"|"Bigender"|"Bigender"|"Dun O'Caherny"
93|"Ike"|"Abramchik"|"iabramchik2k@yale.edu"|"Agender"|"Agender"|"Ike Abramchik"
94|"Sofie"|"McComiskey"|"smccomiskey2l@webmd.com"|"Non-binary"|"Non-binary"|"Sofie McComiskey"
95|"Hakeem"|"Jenner"|"hjenner2m@bbb.org"|"Agender"|"Agender"|"Hakeem Jenner"
96|"Carolina"|"Doughartie"|"cdoughartie2n@comsenz.com"|"Non-binary"|"Non-binary"|"Carolina Doughartie"
97|"Ailbert"|"Collyer"|"acollyer2o@pcworld.com"|"Bigender"|"Bigender"|"Ailbert Collyer"
98|"Vale"|"Kimmerling"|"vkimmerling2p@macromedia.com"|"Agender"|"Agender"|"Vale Kimmerling"
99|"Leila"|"Ebbing"|"lebbing2q@jigsy.com"|"Male"|"Male"|"Leila Ebbing"
100|"Stewart"|"Trahear"|"strahear2r@biglobe.ne.jp"|"Genderfluid"|"Genderfluid"|"Stewart Trahear"
101|"Myer"|"McCrudden"|"mmccrudden2s@ed.gov"|"Female"|"Female"|"Myer McCrudden"
102|"Felisha"|"Craister"|"fcraister2t@ifeng.com"|"Female"|"Female"|"Felisha Craister"
103|"Hilary"|"Kulis"|"hkulis2u@github.com"|"Bigender"|"Bigender"|"Hilary Kulis"
104|"Sada"|"Mullaney"|"smullaney2v@topsy.com"|"Polygender"|"Polygender"|"Sada Mullaney"
105|"Linell"|"Brownstein"|"lbrownstein2w@wikispaces.com"|"Male"|"Male"|"Linell Brownstein"
106|"Dacey"|"Winslett"|"dwinslett2x@xrea.com"|"Polygender"|"Polygender"|"Dacey Winslett"
107|"Leupold"|"Jilkes"|"ljilkes2y@reference.com"|"Female"|"Female"|"Leupold Jilkes"
108|"Darice"|"Beardshaw"|"dbeardshaw2z@ihg.com"|"Agender"|"Agender"|"Darice Beardshaw"
109|"Rosa"|"Barttrum"|"rbarttrum30@ezinearticles.com"|"Bigender"|"Bigender"|"Rosa Barttrum"
110|"Georgie"|"Billham"|"gbillham31@uiuc.edu"|"Female"|"Female"|"Georgie Billham"
111|"Ara"|"Jaslem"|"ajaslem32@google.com.au"|"Female"|"Female"|"Ara Jaslem"
112|"Brandea"|"Mitskevich"|"bmitskevich33@domainmarket.com"|"Genderqueer"|"Genderqueer"|"Brandea Mitskevich"
113|"Glendon"|"Khidr"|"gkhidr34@gizmodo.com"|"Genderfluid"|"Genderfluid"|"Glendon Khidr"
114|"Mildrid"|"Lindenstrauss"|"mlindenstrauss35@nymag.com"|"Genderqueer"|"Genderqueer"|"Mildrid Lindenstrauss"
115|"Renee"|"Cocks"|"rcocks36@latimes.com"|"Bigender"|"Bigender"|"Renee Cocks"
116|"Rich"|"Kristoffersson"|"rkristoffersson37@vinaora.com"|"Bigender"|"Bigender"|"Rich Kristoffersson"
117|"Josiah"|"Praill"|"jpraill38@privacy.gov.au"|"Genderqueer"|"Genderqueer"|"Josiah Praill"
118|"Cyrillus"|"Eastby"|"ceastby39@nytimes.com"|"Female"|"Female"|"Cyrillus Eastby"
119|"Mitchell"|"Pietersen"|"mpietersen3a@tumblr.com"|"Female"|"Female"|"Mitchell Pietersen"
120|"Jessa"|"Purkis"|"jpurkis3b@linkedin.com"|"Agender"|"Agender"|"Jessa Purkis"
121|"Baillie"|"Ierland"|"bierland3c@pcworld.com"|"Bigender"|"Bigender"|"Baillie Ierland"
122|"Drud"|"Livermore"|"dlivermore3d@wordpress.org"|"Non-binary"|"Non-binary"|"Drud Livermore"
123|"Rose"|"Strang"|"rstrang3e@tinyurl.com"|"Genderqueer"|"Genderqueer"|"Rose Strang"
124|"Ingrim"|"Danick"|"idanick3f@va.gov"|"Non-binary"|"Non-binary"|"Ingrim Danick"
125|"Suzann"|"Callendar"|"scallendar3g@hhs.gov"|"Genderfluid"|"Genderfluid"|"Suzann Callendar"
126|"Powell"|"Spaldin"|"pspaldin3h@weebly.com"|"Agender"|"Agender"|"Powell Spaldin"
127|"Marven"|"Levick"|"mlevick3i@people.com.cn"|"Bigender"|"Bigender"|"Marven Levick"
128|"Cherise"|"Pollock"|"cpollock3j@storify.com"|"Agender"|"Agender"|"Cherise Pollock"
129|"Hubey"|"Skim"|"hskim3k@engadget.com"|"Genderfluid"|"Genderfluid"|"Hubey Skim"
130|"Daren"|"Wank"|"dwank3l@tiny.cc"|"Polygender"|"Polygender"|"Daren Wank"
131|"Armin"|"Ehrat"|"aehrat3m@mac.com"|"Bigender"|"Bigender"|"Armin Ehrat"
132|"Melany"|"Jorissen"|"mjorissen3n@bloglines.com"|"Non-binary"|"Non-binary"|"Melany Jorissen"
133|"Nap"|"Sinfield"|"nsinfield3o@nydailynews.com"|"Male"|"Male"|"Nap Sinfield"
134|"Calv"|"Greenway"|"cgreenway3p@nsw.gov.au"|"Female"|"Female"|"Calv Greenway"
135|"Aubry"|"Nourse"|"anourse3q@adobe.com"|"Bigender"|"Bigender"|"Aubry Nourse"
136|"Gilberte"|"Draayer"|"gdraayer3r@aboutads.info"|"Male"|"Male"|"Gilberte Draayer"
137|"Romona"|"Weaben"|"rweaben3s@umn.edu"|"Male"|"Male"|"Romona Weaben"
138|"Freeman"|"Stango"|"fstango3t@washingtonpost.com"|"Bigender"|"Bigender"|"Freeman Stango"
139|"Lion"|"Shirrell"|"lshirrell3u@thetimes.co.uk"|"Genderqueer"|"Genderqueer"|"Lion Shirrell"
140|"Piper"|"Eitter"|"peitter3v@state.tx.us"|"Genderfluid"|"Genderfluid"|"Piper Eitter"
141|"Skipton"|"Witsey"|"switsey3w@e-recht24.de"|"Polygender"|"Polygender"|"Skipton Witsey"
142|"Krispin"|"Gorelli"|"kgorelli3x@google.co.jp"|"Male"|"Male"|"Krispin Gorelli"
143|"Mattie"|"Wernher"|"mwernher3y@weebly.com"|"Female"|"Female"|"Mattie Wernher"
144|"Georgianne"|"Caldeyroux"|"gcaldeyroux3z@jiathis.com"|"Agender"|"Agender"|"Georgianne Caldeyroux"
145|"Sollie"|"Wassung"|"swassung40@woothemes.com"|"Genderfluid"|"Genderfluid"|"Sollie Wassung"
146|"Sallee"|"Hudspith"|"shudspith41@va.gov"|"Genderqueer"|"Genderqueer"|"Sallee Hudspith"
147|"Roslyn"|"Sopp"|"rsopp42@last.fm"|"Male"|"Male"|"Roslyn Sopp"
148|"Blinny"|"Mitchelhill"|"bmitchelhill43@ftc.gov"|"Male"|"Male"|"Blinny Mitchelhill"
149|"Essy"|"Sturney"|"esturney44@comsenz.com"|"Male"|"Male"|"Essy Sturney"
150|"Joyous"|"La Vigne"|"jlavigne45@weather.com"|"Polygender"|"Polygender"|"Joyous La Vigne"
151|"Adolpho"|"Dorro"|"adorro46@usda.gov"|"Female"|"Female"|"Adolpho Dorro"
152|"Berke"|"Wadmore"|"bwadmore47@blogspot.com"|"Male"|"Male"|"Berke Wadmore"
153|"Flemming"|"Ailsbury"|"failsbury48@blogtalkradio.com"|"Non-binary"|"Non-binary"|"Flemming Ailsbury"
154|"Shaw"|"Bing"|"sbing49@people.com.cn"|"Genderfluid"|"Genderfluid"|"Shaw Bing"
155|"Franky"|"Caspell"|"fcaspell4a@rediff.com"|"Polygender"|"Polygender"|"Franky Caspell"
156|"Danya"|"Malcher"|"dmalcher4b@statcounter.com"|"Genderfluid"|"Genderfluid"|"Danya Malcher"
157|"Vail"|"Cossington"|"vcossington4c@photobucket.com"|"Genderfluid"|"Genderfluid"|"Vail Cossington"
158|"Byram"|"Zavattero"|"bzavattero4d@geocities.com"|"Bigender"|"Bigender"|"Byram Zavattero"
159|"Neil"|"Addlestone"|"naddlestone4e@hexun.com"|"Bigender"|"Bigender"|"Neil Addlestone"
160|"Karl"|"McArthur"|"kmcarthur4f@google.cn"|"Genderfluid"|"Genderfluid"|"Karl McArthur"
161|"Ermina"|"Ledgister"|"eledgister4g@homestead.com"|"Male"|"Male"|"Ermina Ledgister"
162|"Padriac"|"McGlaughn"|"pmcglaughn4h@xing.com"|"Non-binary"|"Non-binary"|"Padriac McGlaughn"
163|"Domenic"|"Scriver"|"dscriver4i@chicagotribune.com"|"Bigender"|"Bigender"|"Domenic Scriver"
164|"Wells"|"Barnes"|"wbarnes4j@yahoo.co.jp"|"Agender"|"Agender"|"Wells Barnes"
165|"Bill"|"Mulqueen"|"bmulqueen4k@squarespace.com"|"Genderfluid"|"Genderfluid"|"Bill Mulqueen"
166|"Leoine"|"Baccus"|"lbaccus4l@ask.com"|"Bigender"|"Bigender"|"Leoine Baccus"
167|"Sophronia"|"Maris"|"smaris4m@paypal.com"|"Genderfluid"|"Genderfluid"|"Sophronia Maris"
168|"Byrom"|"Maiklem"|"bmaiklem4n@usda.gov"|"Polygender"|"Polygender"|"Byrom Maiklem"
169|"Eleonora"|"Highwood"|"ehighwood4o@cpanel.net"|"Agender"|"Agender"|"Eleonora Highwood"
170|"Franz"|"Halshaw"|"fhalshaw4p@delicious.com"|"Female"|"Female"|"Franz Halshaw"
171|"Phyllida"|"Hark"|"phark4q@google.com"|"Male"|"Male"|"Phyllida Hark"
172|"Shurwood"|"Staite"|"sstaite4r@ezinearticles.com"|"Female"|"Female"|"Shurwood Staite"
173|"Dilly"|"Garioch"|"dgarioch4s@skyrock.com"|"Agender"|"Agender"|"Dilly Garioch"
174|"Dudley"|"Lempel"|"dlempel4t@wufoo.com"|"Non-binary"|"Non-binary"|"Dudley Lempel"
175|"Bruce"|"Digance"|"bdigance4u@blogs.com"|"Bigender"|"Bigender"|"Bruce Digance"
176|"Karrah"|"Mayhou"|"kmayhou4v@cpanel.net"|"Polygender"|"Polygender"|"Karrah Mayhou"
177|"Vale"|"Erni"|"verni4w@foxnews.com"|"Agender"|"Agender"|"Vale Erni"
178|"Basile"|"St. Ledger"|"bstledger4x@home.pl"|"Non-binary"|"Non-binary"|"Basile St. Ledger"
179|"Allison"|"Menego"|"amenego4y@npr.org"|"Polygender"|"Polygender"|"Allison Menego"
180|"Vera"|"Durden"|"vdurden4z@mashable.com"|"Genderfluid"|"Genderfluid"|"Vera Durden"
181|"Carlo"|"Coffey"|"ccoffey50@hhs.gov"|"Male"|"Male"|"Carlo Coffey"
182|"Erroll"|"Verdey"|"everdey51@drupal.org"|"Genderqueer"|"Genderqueer"|"Erroll Verdey"
183|"Rosene"|"Lonie"|"rlonie52@homestead.com"|"Male"|"Male"|"Rosene Lonie"
184|"Tillie"|"Fairnington"|"tfairnington53@t-online.de"|"Polygender"|"Polygender"|"Tillie Fairnington"
185|"Valdemar"|"Breadmore"|"vbreadmore54@blog.com"|"Agender"|"Agender"|"Valdemar Breadmore"
186|"Carry"|"Goodinson"|"cgoodinson55@eepurl.com"|"Genderfluid"|"Genderfluid"|"Carry Goodinson"
187|"Vivianne"|"Copperwaite"|"vcopperwaite56@disqus.com"|"Polygender"|"Polygender"|"Vivianne Copperwaite"
188|"Tailor"|"Craddock"|"tcraddock57@oakley.com"|"Polygender"|"Polygender"|"Tailor Craddock"
189|"Katheryn"|"Menear"|"kmenear58@drupal.org"|"Male"|"Male"|"Katheryn Menear"
190|"Mikael"|"Antusch"|"mantusch59@trellian.com"|"Genderqueer"|"Genderqueer"|"Mikael Antusch"
191|"Toby"|"Pyett"|"tpyett5a@miibeian.gov.cn"|"Female"|"Female"|"Toby Pyett"
192|"Jessika"|"Howsley"|"jhowsley5b@indiatimes.com"|"Genderqueer"|"Genderqueer"|"Jessika Howsley"
193|"Agneta"|"Summersby"|"asummersby5c@boston.com"|"Bigender"|"Bigender"|"Agneta Summersby"
194|"Flemming"|"McArte"|"fmcarte5d@seesaa.net"|"Female"|"Female"|"Flemming McArte"
195|"Curcio"|"Dahmke"|"cdahmke5e@over-blog.com"|"Genderfluid"|"Genderfluid"|"Curcio Dahmke"
196|"Kathye"|"Todarini"|"ktodarini5f@virginia.edu"|"Polygender"|"Polygender"|"Kathye Todarini"
197|"Cristobal"|"Corteis"|"ccorteis5g@sakura.ne.jp"|"Male"|"Male"|"Cristobal Corteis"
198|"Willette"|"Cowhig"|"wcowhig5h@nba.com"|"Female"|"Female"|"Willette Cowhig"
199|"Josephine"|"Firle"|"jfirle5i@goo.ne.jp"|"Genderqueer"|"Genderqueer"|"Josephine Firle"
200|"Vikky"|"Burling"|"vburling5j@vkontakte.ru"|"Genderqueer"|"Genderqueer"|"Vikky Burling"
201|"Georgine"|"Baiyle"|"gbaiyle5k@lulu.com"|"Agender"|"Agender"|"Georgine Baiyle"
202|"Cary"|"McDuff"|"cmcduff5l@nasa.gov"|"Polygender"|"Polygender"|"Cary McDuff"
203|"Vinny"|"Kennedy"|"vkennedy5m@amazon.com"|"Female"|"Female"|"Vinny Kennedy"
204|"Cam"|"Bengefield"|"cbengefield5n@shutterfly.com"|"Male"|"Male"|"Cam Bengefield"
205|"Rhoda"|"Sweatland"|"rsweatland5o@dot.gov"|"Female"|"Female"|"Rhoda Sweatland"
206|"Giffard"|"Geke"|"ggeke5p@ask.com"|"Bigender"|"Bigender"|"Giffard Geke"
207|"Massimiliano"|"Hearnah"|"mhearnah5q@google.ru"|"Bigender"|"Bigender"|"Massimiliano Hearnah"
208|"Perren"|"Donohoe"|"pdonohoe5r@topsy.com"|"Polygender"|"Polygender"|"Perren Donohoe"
209|"Glen"|"Gniewosz"|"ggniewosz5s@si.edu"|"Polygender"|"Polygender"|"Glen Gniewosz"
210|"Lyn"|"Date"|"ldate5t@wikipedia.org"|"Male"|"Male"|"Lyn Date"
211|"Teena"|"Bullivent"|"tbullivent5u@wufoo.com"|"Genderqueer"|"Genderqueer"|"Teena Bullivent"
212|"Domenico"|"Snary"|"dsnary5v@shinystat.com"|"Genderfluid"|"Genderfluid"|"Domenico Snary"
213|"Marilyn"|"Kleeman"|"mkleeman5w@unicef.org"|"Female"|"Female"|"Marilyn Kleeman"
214|"Genvieve"|"Bourchier"|"gbourchier5x@nhs.uk"|"Genderqueer"|"Genderqueer"|"Genvieve Bourchier"
215|"Patrizio"|"Roberto"|"proberto5y@addtoany.com"|"Non-binary"|"Non-binary"|"Patrizio Roberto"
216|"Hailey"|"Lanaway"|"hlanaway5z@xinhuanet.com"|"Bigender"|"Bigender"|"Hailey Lanaway"
217|"Chalmers"|"Manilow"|"cmanilow60@imdb.com"|"Polygender"|"Polygender"|"Chalmers Manilow"
218|"Grannie"|"Jahnel"|"gjahnel61@un.org"|"Non-binary"|"Non-binary"|"Grannie Jahnel"
219|"Zacherie"|"Borge"|"zborge62@google.co.uk"|"Male"|"Male"|"Zacherie Borge"
220|"Aubrie"|"Brisse"|"abrisse63@vinaora.com"|"Polygender"|"Polygender"|"Aubrie Brisse"
221|"Evita"|"Sowten"|"esowten64@yellowbook.com"|"Non-binary"|"Non-binary"|"Evita Sowten"
222|"Becka"|"McGeraghty"|"bmcgeraghty65@geocities.jp"|"Genderqueer"|"Genderqueer"|"Becka McGeraghty"
223|"Ronnie"|"Cawsy"|"rcawsy66@tamu.edu"|"Genderqueer"|"Genderqueer"|"Ronnie Cawsy"
224|"Nelly"|"Proger"|"nproger67@phpbb.com"|"Polygender"|"Polygender"|"Nelly Proger"
225|"Moselle"|"Daintry"|"mdaintry68@yahoo.com"|"Non-binary"|"Non-binary"|"Moselle Daintry"
226|"Kirstin"|"Lukins"|"klukins69@wp.com"|"Agender"|"Agender"|"Kirstin Lukins"
227|"Sybil"|"Wolledge"|"swolledge6a@omniture.com"|"Male"|"Male"|"Sybil Wolledge"
228|"Elonore"|"Pietesch"|"epietesch6b@xrea.com"|"Male"|"Male"|"Elonore Pietesch"
229|"Meir"|"Billanie"|"mbillanie6c@mlb.com"|"Bigender"|"Bigender"|"Meir Billanie"
230|"Pepito"|"Yitzhakof"|"pyitzhakof6d@jigsy.com"|"Bigender"|"Bigender"|"Pepito Yitzhakof"
231|"Candide"|"Salazar"|"csalazar6e@usa.gov"|"Genderqueer"|"Genderqueer"|"Candide Salazar"
232|"Tremaine"|"Goldhawk"|"tgoldhawk6f@icio.us"|"Non-binary"|"Non-binary"|"Tremaine Goldhawk"
233|"Jaymee"|"McVicker"|"jmcvicker6g@marriott.com"|"Genderqueer"|"Genderqueer"|"Jaymee McVicker"
234|"Melonie"|"Kuhne"|"mkuhne6h@opensource.org"|"Female"|"Female"|"Melonie Kuhne"
235|"Cecilius"|"Greenard"|"cgreenard6i@twitpic.com"|"Non-binary"|"Non-binary"|"Cecilius Greenard"
236|"Gregoor"|"Potier"|"gpotier6j@usda.gov"|"Bigender"|"Bigender"|"Gregoor Potier"
237|"Charley"|"Bridson"|"cbridson6k@psu.edu"|"Genderqueer"|"Genderqueer"|"Charley Bridson"
238|"Andrey"|"Le Moucheux"|"alemoucheux6l@reddit.com"|"Female"|"Female"|"Andrey Le Moucheux"
239|"Myca"|"Esterbrook"|"mesterbrook6m@fema.gov"|"Agender"|"Agender"|"Myca Esterbrook"
240|"Zeke"|"Hindmore"|"zhindmore6n@wufoo.com"|"Agender"|"Agender"|"Zeke Hindmore"
241|"Annadiana"|"Starzaker"|"astarzaker6o@csmonitor.com"|"Polygender"|"Polygender"|"Annadiana Starzaker"
242|"Dorry"|"Pitcaithly"|"dpitcaithly6p@businessweek.com"|"Non-binary"|"Non-binary"|"Dorry Pitcaithly"
243|"Gray"|"Otridge"|"gotridge6q@walmart.com"|"Female"|"Female"|"Gray Otridge"
244|"Jazmin"|"McDonnell"|"jmcdonnell6r@indiatimes.com"|"Male"|"Male"|"Jazmin McDonnell"
245|"Deanne"|"Tortis"|"dtortis6s@xrea.com"|"Agender"|"Agender"|"Deanne Tortis"
246|"Worth"|"Lordon"|"wlordon6t@nature.com"|"Female"|"Female"|"Worth Lordon"
247|"Latrena"|"Kitteridge"|"lkitteridge6u@illinois.edu"|"Polygender"|"Polygender"|"Latrena Kitteridge"
248|"Morganne"|"Smurfit"|"msmurfit6v@samsung.com"|"Bigender"|"Bigender"|"Morganne Smurfit"
249|"Mordy"|"Dullingham"|"mdullingham6w@mlb.com"|"Agender"|"Agender"|"Mordy Dullingham"
250|"Daisie"|"Allardyce"|"dallardyce6x@youtu.be"|"Bigender"|"Bigender"|"Daisie Allardyce"
251|"Sissy"|"Eshelby"|"seshelby6y@wiley.com"|"Polygender"|"Polygender"|"Sissy Eshelby"
252|"Bryana"|"Escott"|"bescott6z@blogtalkradio.com"|"Agender"|"Agender"|"Bryana Escott"
253|"Madelyn"|"Pinar"|"mpinar70@opera.com"|"Genderqueer"|"Genderqueer"|"Madelyn Pinar"
254|"Dinny"|"Joinson"|"djoinson71@mac.com"|"Genderqueer"|"Genderqueer"|"Dinny Joinson"
255|"Eleanor"|"Neill"|"eneill72@booking.com"|"Female"|"Female"|"Eleanor Neill"
256|"Patrick"|"Neissen"|"pneissen73@so-net.ne.jp"|"Female"|"Female"|"Patrick Neissen"
257|"Gale"|"Jerratsch"|"gjerratsch74@bigcartel.com"|"Male"|"Male"|"Gale Jerratsch"
258|"Laurel"|"Colthurst"|"lcolthurst75@howstuffworks.com"|"Genderfluid"|"Genderfluid"|"Laurel Colthurst"
259|"Jackie"|"Avey"|"javey76@wikimedia.org"|"Genderfluid"|"Genderfluid"|"Jackie Avey"
260|"See"|"Banasik"|"sbanasik77@odnoklassniki.ru"|"Genderfluid"|"Genderfluid"|"See Banasik"
261|"Juditha"|"Seagrave"|"jseagrave78@noaa.gov"|"Genderqueer"|"Genderqueer"|"Juditha Seagrave"
262|"Kevan"|"Denerley"|"kdenerley79@flavors.me"|"Female"|"Female"|"Kevan Denerley"
263|"Abbye"|"Prover"|"aprover7a@gravatar.com"|"Bigender"|"Bigender"|"Abbye Prover"
264|"Kayla"|"MacEveley"|"kmaceveley7b@myspace.com"|"Polygender"|"Polygender"|"Kayla MacEveley"
265|"Clerkclaude"|"Arnaudet"|"carnaudet7c@yahoo.co.jp"|"Female"|"Female"|"Clerkclaude Arnaudet"
266|"Cyndi"|"Perassi"|"cperassi7d@yelp.com"|"Agender"|"Agender"|"Cyndi Perassi"
267|"Aleta"|"Stormont"|"astormont7e@myspace.com"|"Female"|"Female"|"Aleta Stormont"
268|"Johnathan"|"Juschka"|"jjuschka7f@deviantart.com"|"Female"|"Female"|"Johnathan Juschka"
269|"Alanna"|"Klemz"|"aklemz7g@rambler.ru"|"Polygender"|"Polygender"|"Alanna Klemz"
270|"Gerrie"|"Mournian"|"gmournian7h@elegantthemes.com"|"Polygender"|"Polygender"|"Gerrie Mournian"
271|"Cayla"|"Raspin"|"craspin7i@fastcompany.com"|"Female"|"Female"|"Cayla Raspin"
272|"Vale"|"Ayscough"|"vayscough7j@devhub.com"|"Female"|"Female"|"Vale Ayscough"
273|"Danika"|"Hamblington"|"dhamblington7k@wix.com"|"Genderqueer"|"Genderqueer"|"Danika Hamblington"
274|"Gil"|"Stainburn"|"gstainburn7l@github.io"|"Male"|"Male"|"Gil Stainburn"
275|"Delores"|"M'Chirrie"|"dmchirrie7m@youku.com"|"Polygender"|"Polygender"|"Delores M'Chirrie"
276|"Willi"|"Doers"|"wdoers7n@bluehost.com"|"Bigender"|"Bigender"|"Willi Doers"
277|"Dalia"|"Reide"|"dreide7o@reuters.com"|"Polygender"|"Polygender"|"Dalia Reide"
278|"Nady"|"Truluck"|"ntruluck7p@psu.edu"|"Genderfluid"|"Genderfluid"|"Nady Truluck"
279|"Kaylyn"|"Sprigings"|"ksprigings7q@meetup.com"|"Bigender"|"Bigender"|"Kaylyn Sprigings"
280|"Elliott"|"Jaqueme"|"ejaqueme7r@hp.com"|"Bigender"|"Bigender"|"Elliott Jaqueme"
281|"Kaitlin"|"Chaloner"|"kchaloner7s@twitpic.com"|"Genderfluid"|"Genderfluid"|"Kaitlin Chaloner"
282|"Bil"|"Dettmar"|"bdettmar7t@meetup.com"|"Agender"|"Agender"|"Bil Dettmar"
283|"Wiatt"|"Avesque"|"wavesque7u@unesco.org"|"Genderqueer"|"Genderqueer"|"Wiatt Avesque"
284|"Chery"|"Keyes"|"ckeyes7v@uiuc.edu"|"Female"|"Female"|"Chery Keyes"
285|"Nichole"|"Blagbrough"|"nblagbrough7w@ucsd.edu"|"Polygender"|"Polygender"|"Nichole Blagbrough"
286|"Quentin"|"Lynn"|"qlynn7x@wp.com"|"Female"|"Female"|"Quentin Lynn"
287|"Vernen"|"Galle"|"vgalle7y@nationalgeographic.com"|"Genderfluid"|"Genderfluid"|"Vernen Galle"
288|"Ernst"|"Baldick"|"ebaldick7z@51.la"|"Genderqueer"|"Genderqueer"|"Ernst Baldick"
289|"Rheta"|"Carvilla"|"rcarvilla80@constantcontact.com"|"Male"|"Male"|"Rheta Carvilla"
290|"Aguie"|"Jacobowicz"|"ajacobowicz81@blogspot.com"|"Bigender"|"Bigender"|"Aguie Jacobowicz"
291|"Felice"|"Culley"|"fculley82@ed.gov"|"Genderfluid"|"Genderfluid"|"Felice Culley"
292|"Reginald"|"Ferraretto"|"rferraretto83@yolasite.com"|"Genderfluid"|"Genderfluid"|"Reginald Ferraretto"
293|"Christian"|"Beadell"|"cbeadell84@bloomberg.com"|"Male"|"Male"|"Christian Beadell"
294|"Melody"|"Mowne"|"mmowne85@hud.gov"|"Bigender"|"Bigender"|"Melody Mowne"
295|"Clarence"|"Garrettson"|"cgarrettson86@godaddy.com"|"Bigender"|"Bigender"|"Clarence Garrettson"
296|"Rey"|"Rossander"|"rrossander87@nbcnews.com"|"Agender"|"Agender"|"Rey Rossander"
297|"Hadria"|"Ivanyutin"|"hivanyutin88@kickstarter.com"|"Agender"|"Agender"|"Hadria Ivanyutin"
298|"Caralie"|"Amott"|"camott89@weebly.com"|"Male"|"Male"|"Caralie Amott"
299|"Winfield"|"Wybrow"|"wwybrow8a@indiatimes.com"|"Genderqueer"|"Genderqueer"|"Winfield Wybrow"
300|"Ryley"|"Maccaig"|"rmaccaig8b@boston.com"|"Non-binary"|"Non-binary"|"Ryley Maccaig"
301|"Amalle"|"Styles"|"astyles8c@tinypic.com"|"Male"|"Male"|"Amalle Styles"
302|"Estell"|"Lakenden"|"elakenden8d@apache.org"|"Agender"|"Agender"|"Estell Lakenden"
303|"Brett"|"Biffin"|"bbiffin8e@miibeian.gov.cn"|"Genderqueer"|"Genderqueer"|"Brett Biffin"
304|"Suzy"|"Brownlee"|"sbrownlee8f@xrea.com"|"Genderfluid"|"Genderfluid"|"Suzy Brownlee"
305|"Lynnet"|"Browett"|"lbrowett8g@sun.com"|"Bigender"|"Bigender"|"Lynnet Browett"
306|"Frederico"|"Oxborrow"|"foxborrow8h@biblegateway.com"|"Non-binary"|"Non-binary"|"Frederico Oxborrow"
307|"Urbano"|"Wakefield"|"uwakefield8i@google.com.au"|"Male"|"Male"|"Urbano Wakefield"
308|"Vivyanne"|"Pancoust"|"vpancoust8j@cocolog-nifty.com"|"Genderfluid"|"Genderfluid"|"Vivyanne Pancoust"
309|"Meggie"|"Seckington"|"mseckington8k@fc2.com"|"Female"|"Female"|"Meggie Seckington"
310|"Cloe"|"Stranieri"|"cstranieri8l@shop-pro.jp"|"Female"|"Female"|"Cloe Stranieri"
311|"Florance"|"Haken"|"fhaken8m@goodreads.com"|"Genderfluid"|"Genderfluid"|"Florance Haken"
312|"Orelee"|"Lippatt"|"olippatt8n@comcast.net"|"Agender"|"Agender"|"Orelee Lippatt"
313|"Madelena"|"Musk"|"mmusk8o@hugedomains.com"|"Female"|"Female"|"Madelena Musk"
314|"Amy"|"Gommowe"|"agommowe8p@telegraph.co.uk"|"Male"|"Male"|"Amy Gommowe"
315|"Bessie"|"Brodnecke"|"bbrodnecke8q@google.pl"|"Genderfluid"|"Genderfluid"|"Bessie Brodnecke"
316|"Gerianne"|"Swinney"|"gswinney8r@dot.gov"|"Genderqueer"|"Genderqueer"|"Gerianne Swinney"
317|"Bel"|"Francescone"|"bfrancescone8s@goo.ne.jp"|"Genderfluid"|"Genderfluid"|"Bel Francescone"
318|"Melantha"|"Druhan"|"mdruhan8t@myspace.com"|"Agender"|"Agender"|"Melantha Druhan"
319|"Godart"|"Casa"|"gcasa8u@jimdo.com"|"Genderfluid"|"Genderfluid"|"Godart Casa"
320|"Linn"|"Abbati"|"labbati8v@pbs.org"|"Non-binary"|"Non-binary"|"Linn Abbati"
321|"Erie"|"Harnwell"|"eharnwell8w@nymag.com"|"Bigender"|"Bigender"|"Erie Harnwell"
322|"Belva"|"Finlan"|"bfinlan8x@blinklist.com"|"Non-binary"|"Non-binary"|"Belva Finlan"
323|"Deborah"|"Baudouin"|"dbaudouin8y@free.fr"|"Female"|"Female"|"Deborah Baudouin"
324|"Rafaello"|"Ast"|"rast8z@gmpg.org"|"Non-binary"|"Non-binary"|"Rafaello Ast"
325|"Myrna"|"Mulqueeny"|"mmulqueeny90@nationalgeographic.com"|"Male"|"Male"|"Myrna Mulqueeny"
326|"Galvan"|"Truscott"|"gtruscott91@jalbum.net"|"Female"|"Female"|"Galvan Truscott"
327|"Vassili"|"Bohler"|"vbohler92@sbwire.com"|"Bigender"|"Bigender"|"Vassili Bohler"
328|"Hally"|"Annes"|"hannes93@tinyurl.com"|"Polygender"|"Polygender"|"Hally Annes"
329|"Saundra"|"Mordon"|"smordon94@patch.com"|"Female"|"Female"|"Saundra Mordon"
330|"Harri"|"Leys"|"hleys95@paypal.com"|"Genderqueer"|"Genderqueer"|"Harri Leys"
331|"Hayes"|"Symcox"|"hsymcox96@xrea.com"|"Genderqueer"|"Genderqueer"|"Hayes Symcox"
332|"Raviv"|"Signoret"|"rsignoret97@salon.com"|"Male"|"Male"|"Raviv Signoret"
333|"Carney"|"Jobbins"|"cjobbins98@gizmodo.com"|"Non-binary"|"Non-binary"|"Carney Jobbins"
334|"Uriel"|"Lammenga"|"ulammenga99@trellian.com"|"Female"|"Female"|"Uriel Lammenga"
335|"Lucais"|"de Merida"|"ldemerida9a@dot.gov"|"Bigender"|"Bigender"|"Lucais de Merida"
336|"Uriel"|"Reiling"|"ureiling9b@fc2.com"|"Agender"|"Agender"|"Uriel Reiling"
337|"Toddy"|"Vondrak"|"tvondrak9c@xrea.com"|"Non-binary"|"Non-binary"|"Toddy Vondrak"
338|"Guglielmo"|"Skyme"|"gskyme9d@friendfeed.com"|"Genderqueer"|"Genderqueer"|"Guglielmo Skyme"
339|"Westley"|"Weatherhead"|"wweatherhead9e@networksolutions.com"|"Male"|"Male"|"Westley Weatherhead"
340|"Madalena"|"Bostock"|"mbostock9f@issuu.com"|"Female"|"Female"|"Madalena Bostock"
341|"Sloan"|"Grayer"|"sgrayer9g@weibo.com"|"Genderqueer"|"Genderqueer"|"Sloan Grayer"
342|"Michaela"|"Beckhouse"|"mbeckhouse9h@slashdot.org"|"Genderfluid"|"Genderfluid"|"Michaela Beckhouse"
343|"Clarey"|"Rudsdell"|"crudsdell9i@ebay.com"|"Agender"|"Agender"|"Clarey Rudsdell"
344|"Gabbie"|"Stanbury"|"gstanbury9j@businesswire.com"|"Genderqueer"|"Genderqueer"|"Gabbie Stanbury"
345|"Hedvig"|"McGuinness"|"hmcguinness9k@webeden.co.uk"|"Genderqueer"|"Genderqueer"|"Hedvig McGuinness"
346|"Patten"|"Hartman"|"phartman9l@ucsd.edu"|"Genderfluid"|"Genderfluid"|"Patten Hartman"
347|"Mackenzie"|"Helin"|"mhelin9m@netvibes.com"|"Genderfluid"|"Genderfluid"|"Mackenzie Helin"
348|"Rosanne"|"Haulkham"|"rhaulkham9n@angelfire.com"|"Non-binary"|"Non-binary"|"Rosanne Haulkham"
349|"Dell"|"Kelland"|"dkelland9o@gnu.org"|"Non-binary"|"Non-binary"|"Dell Kelland"
350|"Davita"|"Androletti"|"dandroletti9p@google.nl"|"Genderqueer"|"Genderqueer"|"Davita Androletti"
351|"Kristen"|"Bonnavant"|"kbonnavant9q@liveinternet.ru"|"Polygender"|"Polygender"|"Kristen Bonnavant"
352|"Davey"|"Skippon"|"dskippon9r@blogs.com"|"Polygender"|"Polygender"|"Davey Skippon"
353|"Alexina"|"Schoffel"|"aschoffel9s@bloglovin.com"|"Male"|"Male"|"Alexina Schoffel"
354|"Meyer"|"Matessian"|"mmatessian9t@bizjournals.com"|"Polygender"|"Polygender"|"Meyer Matessian"
355|"Aili"|"Carding"|"acarding9u@si.edu"|"Genderqueer"|"Genderqueer"|"Aili Carding"
356|"Wolfgang"|"Philipps"|"wphilipps9v@bandcamp.com"|"Bigender"|"Bigender"|"Wolfgang Philipps"
357|"Moreen"|"Vousden"|"mvousden9w@washingtonpost.com"|"Non-binary"|"Non-binary"|"Moreen Vousden"
358|"Morganica"|"McGenn"|"mmcgenn9x@1688.com"|"Bigender"|"Bigender"|"Morganica McGenn"
359|"Karee"|"Eagleton"|"keagleton9y@edublogs.org"|"Genderqueer"|"Genderqueer"|"Karee Eagleton"
360|"Felicia"|"Tutin"|"ftutin9z@dyndns.org"|"Non-binary"|"Non-binary"|"Felicia Tutin"
361|"Maggi"|"Ewell"|"mewella0@ucsd.edu"|"Polygender"|"Polygender"|"Maggi Ewell"
362|"Inez"|"Ringe"|"iringea1@goo.ne.jp"|"Genderqueer"|"Genderqueer"|"Inez Ringe"
363|"Hilda"|"Sirette"|"hsirettea2@tripod.com"|"Genderqueer"|"Genderqueer"|"Hilda Sirette"
364|"Federico"|"Bandey"|"fbandeya3@comsenz.com"|"Non-binary"|"Non-binary"|"Federico Bandey"
365|"Luisa"|"Bartolozzi"|"lbartolozzia4@mail.ru"|"Genderfluid"|"Genderfluid"|"Luisa Bartolozzi"
366|"Enoch"|"Estrella"|"eestrellaa5@yahoo.co.jp"|"Bigender"|"Bigender"|"Enoch Estrella"
367|"Woody"|"Abrahams"|"wabrahamsa6@chicagotribune.com"|"Agender"|"Agender"|"Woody Abrahams"
368|"Eleonore"|"Quimby"|"equimbya7@sakura.ne.jp"|"Bigender"|"Bigender"|"Eleonore Quimby"
369|"Jule"|"Geffcock"|"jgeffcocka8@vinaora.com"|"Male"|"Male"|"Jule Geffcock"
370|"Fina"|"Coard"|"fcoarda9@nsw.gov.au"|"Non-binary"|"Non-binary"|"Fina Coard"
371|"Vance"|"Keat"|"vkeataa@hao123.com"|"Genderfluid"|"Genderfluid"|"Vance Keat"
372|"Temp"|"Bosnell"|"tbosnellab@typepad.com"|"Genderfluid"|"Genderfluid"|"Temp Bosnell"
373|"Anjanette"|"Whitehurst"|"awhitehurstac@phoca.cz"|"Genderqueer"|"Genderqueer"|"Anjanette Whitehurst"
374|"Louella"|"Cotterel"|"lcotterelad@a8.net"|"Genderfluid"|"Genderfluid"|"Louella Cotterel"
375|"Nicolina"|"Hanham"|"nhanhamae@sciencedaily.com"|"Male"|"Male"|"Nicolina Hanham"
376|"Gottfried"|"Krugmann"|"gkrugmannaf@nsw.gov.au"|"Agender"|"Agender"|"Gottfried Krugmann"
377|"Baily"|"Fison"|"bfisonag@geocities.com"|"Female"|"Female"|"Baily Fison"
378|"Gabie"|"Grigor"|"ggrigorah@vistaprint.com"|"Female"|"Female"|"Gabie Grigor"
379|"Hartwell"|"Measen"|"hmeasenai@china.com.cn"|"Genderfluid"|"Genderfluid"|"Hartwell Measen"
380|"Rebeka"|"Dibley"|"rdibleyaj@youku.com"|"Agender"|"Agender"|"Rebeka Dibley"
381|"Waldo"|"Milbank"|"wmilbankak@google.cn"|"Male"|"Male"|"Waldo Milbank"
382|"Marcella"|"Lamball"|"mlamballal@google.com.hk"|"Male"|"Male"|"Marcella Lamball"
383|"Arleta"|"Mulmuray"|"amulmurayam@linkedin.com"|"Agender"|"Agender"|"Arleta Mulmuray"
384|"Danyelle"|"Jozaitis"|"djozaitisan@discovery.com"|"Genderqueer"|"Genderqueer"|"Danyelle Jozaitis"
385|"Ysabel"|"Parkman"|"yparkmanao@ow.ly"|"Genderfluid"|"Genderfluid"|"Ysabel Parkman"
386|"Lauritz"|"Voaden"|"lvoadenap@si.edu"|"Non-binary"|"Non-binary"|"Lauritz Voaden"
387|"Sawyere"|"Sidaway"|"ssidawayaq@pen.io"|"Bigender"|"Bigender"|"Sawyere Sidaway"
388|"Roland"|"Martynikhin"|"rmartynikhinar@rediff.com"|"Polygender"|"Polygender"|"Roland Martynikhin"
389|"Isabella"|"Lehrmann"|"ilehrmannas@skype.com"|"Agender"|"Agender"|"Isabella Lehrmann"
390|"Chrysa"|"Dobie"|"cdobieat@psu.edu"|"Male"|"Male"|"Chrysa Dobie"
391|"Cart"|"Hauxby"|"chauxbyau@4shared.com"|"Genderfluid"|"Genderfluid"|"Cart Hauxby"
392|"Ambrosio"|"Fitchen"|"afitchenav@nytimes.com"|"Genderfluid"|"Genderfluid"|"Ambrosio Fitchen"
393|"Tracie"|"Verne"|"tverneaw@opera.com"|"Genderfluid"|"Genderfluid"|"Tracie Verne"
394|"Bobina"|"Jankovsky"|"bjankovskyax@msu.edu"|"Female"|"Female"|"Bobina Jankovsky"
395|"Rubi"|"Golda"|"rgoldaay@1und1.de"|"Bigender"|"Bigender"|"Rubi Golda"
396|"Gusti"|"Cunio"|"gcunioaz@twitter.com"|"Male"|"Male"|"Gusti Cunio"
397|"Inger"|"Gianullo"|"igianullob0@fema.gov"|"Genderfluid"|"Genderfluid"|"Inger Gianullo"
398|"Tomasina"|"Feedham"|"tfeedhamb1@ebay.com"|"Polygender"|"Polygender"|"Tomasina Feedham"
399|"Henriette"|"Petican"|"hpeticanb2@theguardian.com"|"Bigender"|"Bigender"|"Henriette Petican"
400|"Tamas"|"Lune"|"tluneb3@alibaba.com"|"Genderfluid"|"Genderfluid"|"Tamas Lune"
401|"Maria"|"Learmonth"|"mlearmonthb4@shinystat.com"|"Agender"|"Agender"|"Maria Learmonth"
402|"Arda"|"Gimber"|"agimberb5@parallels.com"|"Genderqueer"|"Genderqueer"|"Arda Gimber"
403|"Margarette"|"Winter"|"mwinterb6@booking.com"|"Bigender"|"Bigender"|"Margarette Winter"
404|"Lise"|"Burlingham"|"lburlinghamb7@free.fr"|"Bigender"|"Bigender"|"Lise Burlingham"
405|"Aurelie"|"Geraldez"|"ageraldezb8@deviantart.com"|"Female"|"Female"|"Aurelie Geraldez"
406|"Darrell"|"Baffin"|"dbaffinb9@xinhuanet.com"|"Agender"|"Agender"|"Darrell Baffin"
407|"Catlin"|"Shilstone"|"cshilstoneba@github.com"|"Female"|"Female"|"Catlin Shilstone"
408|"Teddy"|"Curedale"|"tcuredalebb@instagram.com"|"Genderqueer"|"Genderqueer"|"Teddy Curedale"
409|"Herculie"|"Hiscocks"|"hhiscocksbc@alibaba.com"|"Polygender"|"Polygender"|"Herculie Hiscocks"
410|"Avery"|"Broscombe"|"abroscombebd@sfgate.com"|"Genderfluid"|"Genderfluid"|"Avery Broscombe"
411|"Burlie"|"Keble"|"bkeblebe@abc.net.au"|"Female"|"Female"|"Burlie Keble"
412|"Pauly"|"McDonogh"|"pmcdonoghbf@ning.com"|"Agender"|"Agender"|"Pauly McDonogh"
413|"Hilliard"|"Carman"|"hcarmanbg@eepurl.com"|"Genderqueer"|"Genderqueer"|"Hilliard Carman"
414|"Bat"|"Roden"|"brodenbh@devhub.com"|"Female"|"Female"|"Bat Roden"
415|"Melany"|"McCloid"|"mmccloidbi@miitbeian.gov.cn"|"Male"|"Male"|"Melany McCloid"
416|"Barbee"|"Gibbon"|"bgibbonbj@oaic.gov.au"|"Genderfluid"|"Genderfluid"|"Barbee Gibbon"
417|"Bibi"|"Lamburn"|"blamburnbk@skype.com"|"Male"|"Male"|"Bibi Lamburn"
418|"Mindy"|"Boshell"|"mboshellbl@berkeley.edu"|"Bigender"|"Bigender"|"Mindy Boshell"
419|"Ebonee"|"Abrahamsen"|"eabrahamsenbm@paypal.com"|"Agender"|"Agender"|"Ebonee Abrahamsen"
420|"Darsie"|"Else"|"delsebn@uiuc.edu"|"Genderqueer"|"Genderqueer"|"Darsie Else"
421|"Delores"|"Towsie"|"dtowsiebo@howstuffworks.com"|"Non-binary"|"Non-binary"|"Delores Towsie"
422|"Blondelle"|"Gritton"|"bgrittonbp@furl.net"|"Agender"|"Agender"|"Blondelle Gritton"
423|"Vannie"|"Alan"|"valanbq@chronoengine.com"|"Genderfluid"|"Genderfluid"|"Vannie Alan"
424|"Opaline"|"Greenhall"|"ogreenhallbr@smh.com.au"|"Polygender"|"Polygender"|"Opaline Greenhall"
425|"Tris"|"Samme"|"tsammebs@weebly.com"|"Polygender"|"Polygender"|"Tris Samme"
426|"Lilah"|"Ricker"|"lrickerbt@time.com"|"Agender"|"Agender"|"Lilah Ricker"
427|"Ad"|"Cumber"|"acumberbu@utexas.edu"|"Agender"|"Agender"|"Ad Cumber"
428|"Briant"|"Hartropp"|"bhartroppbv@wix.com"|"Bigender"|"Bigender"|"Briant Hartropp"
429|"Trude"|"Walicki"|"twalickibw@gravatar.com"|"Male"|"Male"|"Trude Walicki"
430|"Chantalle"|"Pritchitt"|"cpritchittbx@google.com"|"Polygender"|"Polygender"|"Chantalle Pritchitt"
431|"Duke"|"Bolin"|"dbolinby@nifty.com"|"Genderqueer"|"Genderqueer"|"Duke Bolin"
432|"Ludovico"|"Anglin"|"langlinbz@privacy.gov.au"|"Female"|"Female"|"Ludovico Anglin"
433|"Paloma"|"Jubb"|"pjubbc0@soup.io"|"Bigender"|"Bigender"|"Paloma Jubb"
434|"Luciano"|"McKerron"|"lmckerronc1@wikimedia.org"|"Agender"|"Agender"|"Luciano McKerron"
435|"Clara"|"Tremaine"|"ctremainec2@sakura.ne.jp"|"Non-binary"|"Non-binary"|"Clara Tremaine"
436|"Humberto"|"Dunkinson"|"hdunkinsonc3@joomla.org"|"Male"|"Male"|"Humberto Dunkinson"
437|"Susy"|"Pinor"|"spinorc4@myspace.com"|"Polygender"|"Polygender"|"Susy Pinor"
438|"Towny"|"Pelerin"|"tpelerinc5@odnoklassniki.ru"|"Genderfluid"|"Genderfluid"|"Towny Pelerin"
439|"Tate"|"Treneer"|"ttreneerc6@si.edu"|"Genderqueer"|"Genderqueer"|"Tate Treneer"
440|"Dominick"|"Davydzenko"|"ddavydzenkoc7@virginia.edu"|"Agender"|"Agender"|"Dominick Davydzenko"
441|"Bank"|"Thornebarrow"|"bthornebarrowc8@constantcontact.com"|"Agender"|"Agender"|"Bank Thornebarrow"
442|"Pen"|"Blazic"|"pblazicc9@china.com.cn"|"Male"|"Male"|"Pen Blazic"
443|"Cameron"|"Beardow"|"cbeardowca@bloglovin.com"|"Female"|"Female"|"Cameron Beardow"
444|"Riane"|"Greville"|"rgrevillecb@dropbox.com"|"Agender"|"Agender"|"Riane Greville"
445|"Drucie"|"Kohnert"|"dkohnertcc@virginia.edu"|"Genderfluid"|"Genderfluid"|"Drucie Kohnert"
446|"Bram"|"Moncrefe"|"bmoncrefecd@reverbnation.com"|"Female"|"Female"|"Bram Moncrefe"
447|"Eve"|"Lukas"|"elukasce@friendfeed.com"|"Female"|"Female"|"Eve Lukas"
448|"Dehlia"|"Spinella"|"dspinellacf@newsvine.com"|"Male"|"Male"|"Dehlia Spinella"
449|"Abagael"|"Hurler"|"ahurlercg@tiny.cc"|"Genderqueer"|"Genderqueer"|"Abagael Hurler"
450|"Dodie"|"Charrington"|"dcharringtonch@wikipedia.org"|"Polygender"|"Polygender"|"Dodie Charrington"
451|"Lanny"|"Norsworthy"|"lnorsworthyci@geocities.com"|"Bigender"|"Bigender"|"Lanny Norsworthy"
452|"Kippy"|"Gerrish"|"kgerrishcj@goo.gl"|"Male"|"Male"|"Kippy Gerrish"
453|"Irvine"|"Crumly"|"icrumlyck@census.gov"|"Bigender"|"Bigender"|"Irvine Crumly"
454|"Gregorio"|"Polland"|"gpollandcl@naver.com"|"Non-binary"|"Non-binary"|"Gregorio Polland"
455|"Ludvig"|"Bedbury"|"lbedburycm@google.it"|"Male"|"Male"|"Ludvig Bedbury"
456|"Mehetabel"|"Wilding"|"mwildingcn@sfgate.com"|"Male"|"Male"|"Mehetabel Wilding"
457|"Heinrik"|"McCudden"|"hmccuddenco@google.it"|"Polygender"|"Polygender"|"Heinrik McCudden"
458|"Rosabel"|"Kerford"|"rkerfordcp@gizmodo.com"|"Bigender"|"Bigender"|"Rosabel Kerford"
459|"Crawford"|"Kingsman"|"ckingsmancq@1und1.de"|"Agender"|"Agender"|"Crawford Kingsman"
460|"Vasily"|"Kasparski"|"vkasparskicr@elegantthemes.com"|"Polygender"|"Polygender"|"Vasily Kasparski"
461|"Maighdiln"|"Skryne"|"mskrynecs@wikipedia.org"|"Agender"|"Agender"|"Maighdiln Skryne"
462|"Clarey"|"Jandel"|"cjandelct@pinterest.com"|"Male"|"Male"|"Clarey Jandel"
463|"Berta"|"Swinbourne"|"bswinbournecu@aboutads.info"|"Agender"|"Agender"|"Berta Swinbourne"
464|"Shaun"|"Ecclestone"|"secclestonecv@jiathis.com"|"Genderqueer"|"Genderqueer"|"Shaun Ecclestone"
465|"Libbi"|"Spurling"|"lspurlingcw@163.com"|"Male"|"Male"|"Libbi Spurling"
466|"Luther"|"Pendlebury"|"lpendleburycx@geocities.jp"|"Female"|"Female"|"Luther Pendlebury"
467|"Rouvin"|"Goodlake"|"rgoodlakecy@google.pl"|"Male"|"Male"|"Rouvin Goodlake"
468|"Marna"|"Alvares"|"malvarescz@cisco.com"|"Genderqueer"|"Genderqueer"|"Marna Alvares"
469|"Isabella"|"Ravenscroftt"|"iravenscrofttd0@amazonaws.com"|"Polygender"|"Polygender"|"Isabella Ravenscroftt"
470|"Drucie"|"Feavers"|"dfeaversd1@disqus.com"|"Genderfluid"|"Genderfluid"|"Drucie Feavers"
471|"Katleen"|"Zoanetti"|"kzoanettid2@nbcnews.com"|"Polygender"|"Polygender"|"Katleen Zoanetti"
472|"Palm"|"Quinnell"|"pquinnelld3@mapy.cz"|"Agender"|"Agender"|"Palm Quinnell"
473|"Chevalier"|"Mitchell"|"cmitchelld4@archive.org"|"Genderqueer"|"Genderqueer"|"Chevalier Mitchell"
474|"Almire"|"O'Rourke"|"aorourked5@bloglines.com"|"Polygender"|"Polygender"|"Almire O'Rourke"
475|"Jareb"|"Bonallack"|"jbonallackd6@arizona.edu"|"Genderfluid"|"Genderfluid"|"Jareb Bonallack"
476|"Sawyer"|"Gregoraci"|"sgregoracid7@unc.edu"|"Polygender"|"Polygender"|"Sawyer Gregoraci"
477|"Mirabel"|"McIlvaney"|"mmcilvaneyd8@unc.edu"|"Genderqueer"|"Genderqueer"|"Mirabel McIlvaney"
478|"Melessa"|"Flannigan"|"mflannigand9@taobao.com"|"Female"|"Female"|"Melessa Flannigan"
479|"Austen"|"Shelley"|"ashelleyda@mapquest.com"|"Genderqueer"|"Genderqueer"|"Austen Shelley"
480|"Dannel"|"Tomasian"|"dtomasiandb@wired.com"|"Genderfluid"|"Genderfluid"|"Dannel Tomasian"
481|"Cindi"|"Sands-Allan"|"csandsallandc@google.com.br"|"Genderqueer"|"Genderqueer"|"Cindi Sands-Allan"
482|"Elga"|"Dodshun"|"edodshundd@alibaba.com"|"Non-binary"|"Non-binary"|"Elga Dodshun"
483|"Domenic"|"Hedan"|"dhedande@google.cn"|"Genderfluid"|"Genderfluid"|"Domenic Hedan"
484|"Yancy"|"Loudon"|"yloudondf@cbslocal.com"|"Polygender"|"Polygender"|"Yancy Loudon"
485|"Sandi"|"Hartlebury"|"shartleburydg@xing.com"|"Female"|"Female"|"Sandi Hartlebury"
486|"Tremayne"|"Sumsion"|"tsumsiondh@freewebs.com"|"Non-binary"|"Non-binary"|"Tremayne Sumsion"
487|"Merna"|"Wheeler"|"mwheelerdi@fotki.com"|"Genderqueer"|"Genderqueer"|"Merna Wheeler"
488|"Trev"|"Pendleton"|"tpendletondj@weather.com"|"Genderqueer"|"Genderqueer"|"Trev Pendleton"
489|"Kyrstin"|"Ruf"|"krufdk@ovh.net"|"Bigender"|"Bigender"|"Kyrstin Ruf"
490|"Nerty"|"Newlands"|"nnewlandsdl@mit.edu"|"Male"|"Male"|"Nerty Newlands"
491|"Lianne"|"Haysar"|"lhaysardm@flavors.me"|"Female"|"Female"|"Lianne Haysar"
492|"Brocky"|"Middleweek"|"bmiddleweekdn@uiuc.edu"|"Genderqueer"|"Genderqueer"|"Brocky Middleweek"
493|"Isidro"|"Aspland"|"iasplanddo@livejournal.com"|"Polygender"|"Polygender"|"Isidro Aspland"
494|"Abbie"|"Foch"|"afochdp@vistaprint.com"|"Bigender"|"Bigender"|"Abbie Foch"
495|"Angeline"|"Veracruysse"|"averacruyssedq@nasa.gov"|"Genderqueer"|"Genderqueer"|"Angeline Veracruysse"
496|"Owen"|"Southworth"|"osouthworthdr@ustream.tv"|"Polygender"|"Polygender"|"Owen Southworth"
497|"Gypsy"|"Shory"|"gshoryds@networkadvertising.org"|"Genderfluid"|"Genderfluid"|"Gypsy Shory"
498|"Angelo"|"Bold"|"abolddt@blogspot.com"|"Non-binary"|"Non-binary"|"Angelo Bold"
499|"Frederik"|"Collyear"|"fcollyeardu@cisco.com"|"Non-binary"|"Non-binary"|"Frederik Collyear"
500|"Sammy"|"LeEstut"|"sleestutdv@mapquest.com"|"Polygender"|"Polygender"|"Sammy LeEstut"
501|"Adelaide"|"Yushachkov"|"ayushachkovdw@com.com"|"Bigender"|"Bigender"|"Adelaide Yushachkov"
502|"Danya"|"McGavigan"|"dmcgavigandx@gov.uk"|"Agender"|"Agender"|"Danya McGavigan"
503|"Fernande"|"Riggs"|"friggsdy@china.com.cn"|"Female"|"Female"|"Fernande Riggs"
504|"Kahaleel"|"Erbe"|"kerbedz@dion.ne.jp"|"Female"|"Female"|"Kahaleel Erbe"
505|"Otis"|"Kores"|"okorese0@merriam-webster.com"|"Female"|"Female"|"Otis Kores"
506|"Lamont"|"Foran"|"lforane1@linkedin.com"|"Polygender"|"Polygender"|"Lamont Foran"
507|"Burt"|"Blaisdale"|"bblaisdalee2@wikispaces.com"|"Polygender"|"Polygender"|"Burt Blaisdale"
508|"Sidonia"|"Tolson"|"stolsone3@wordpress.org"|"Bigender"|"Bigender"|"Sidonia Tolson"
509|"Ailis"|"Innman"|"ainnmane4@nature.com"|"Non-binary"|"Non-binary"|"Ailis Innman"
510|"Minnnie"|"Healings"|"mhealingse5@1688.com"|"Male"|"Male"|"Minnnie Healings"
511|"Lynnette"|"Gritskov"|"lgritskove6@soundcloud.com"|"Male"|"Male"|"Lynnette Gritskov"
512|"Gun"|"Hayhurst"|"ghayhurste7@home.pl"|"Polygender"|"Polygender"|"Gun Hayhurst"
513|"Tailor"|"Barney"|"tbarneye8@webeden.co.uk"|"Bigender"|"Bigender"|"Tailor Barney"
514|"Brion"|"MacTeague"|"bmacteaguee9@wikimedia.org"|"Female"|"Female"|"Brion MacTeague"
515|"Elinor"|"Burras"|"eburrasea@creativecommons.org"|"Polygender"|"Polygender"|"Elinor Burras"
516|"Alix"|"Wardhaw"|"awardhaweb@java.com"|"Female"|"Female"|"Alix Wardhaw"
517|"Gilberta"|"Dumingos"|"gdumingosec@sun.com"|"Non-binary"|"Non-binary"|"Gilberta Dumingos"
518|"Nathalie"|"Baudain"|"nbaudained@infoseek.co.jp"|"Agender"|"Agender"|"Nathalie Baudain"
519|"Mel"|"Carpenter"|"mcarpenteree@noaa.gov"|"Genderqueer"|"Genderqueer"|"Mel Carpenter"
520|"Analiese"|"Elphick"|"aelphickef@businessinsider.com"|"Genderqueer"|"Genderqueer"|"Analiese Elphick"
521|"Kippie"|"Kilpatrick"|"kkilpatrickeg@yandex.ru"|"Polygender"|"Polygender"|"Kippie Kilpatrick"
522|"Laverna"|"Hardisty"|"lhardistyeh@ow.ly"|"Non-binary"|"Non-binary"|"Laverna Hardisty"
523|"Colet"|"Saturley"|"csaturleyei@chicagotribune.com"|"Genderfluid"|"Genderfluid"|"Colet Saturley"
524|"Pippy"|"Hayesman"|"phayesmanej@ucsd.edu"|"Genderqueer"|"Genderqueer"|"Pippy Hayesman"
525|"Robert"|"Hixley"|"rhixleyek@netvibes.com"|"Genderfluid"|"Genderfluid"|"Robert Hixley"
526|"Marilin"|"Kellen"|"mkellenel@oaic.gov.au"|"Agender"|"Agender"|"Marilin Kellen"
527|"Bronnie"|"Cholonin"|"bcholoninem@disqus.com"|"Non-binary"|"Non-binary"|"Bronnie Cholonin"
528|"Ogden"|"Rishman"|"orishmanen@angelfire.com"|"Polygender"|"Polygender"|"Ogden Rishman"
529|"Ruth"|"Fillon"|"rfilloneo@chron.com"|"Female"|"Female"|"Ruth Fillon"
530|"Lynea"|"Hannen"|"lhannenep@wsj.com"|"Agender"|"Agender"|"Lynea Hannen"
531|"Leigh"|"Shippard"|"lshippardeq@businesswire.com"|"Female"|"Female"|"Leigh Shippard"
532|"Marlyn"|"Woolcocks"|"mwoolcockser@sourceforge.net"|"Genderfluid"|"Genderfluid"|"Marlyn Woolcocks"
533|"Dorelia"|"Rodden"|"droddenes@va.gov"|"Non-binary"|"Non-binary"|"Dorelia Rodden"
534|"Brook"|"Conner"|"bconneret@jimdo.com"|"Bigender"|"Bigender"|"Brook Conner"
535|"Josephina"|"Parley"|"jparleyeu@deliciousdays.com"|"Non-binary"|"Non-binary"|"Josephina Parley"
536|"Darnall"|"Flaws"|"dflawsev@360.cn"|"Male"|"Male"|"Darnall Flaws"
537|"Adelbert"|"Gerg"|"agergew@statcounter.com"|"Male"|"Male"|"Adelbert Gerg"
538|"Peria"|"Paine"|"ppaineex@discuz.net"|"Genderfluid"|"Genderfluid"|"Peria Paine"
539|"Cornie"|"Iacofo"|"ciacofoey@state.gov"|"Polygender"|"Polygender"|"Cornie Iacofo"
540|"Athene"|"Inker"|"ainkerez@usgs.gov"|"Male"|"Male"|"Athene Inker"
541|"Louise"|"Skoate"|"lskoatef0@buzzfeed.com"|"Genderqueer"|"Genderqueer"|"Louise Skoate"
542|"Chevalier"|"Cartmail"|"ccartmailf1@flavors.me"|"Male"|"Male"|"Chevalier Cartmail"
543|"Grata"|"Gaylord"|"ggaylordf2@uiuc.edu"|"Male"|"Male"|"Grata Gaylord"
544|"Beulah"|"Niven"|"bnivenf3@nytimes.com"|"Genderfluid"|"Genderfluid"|"Beulah Niven"
545|"Lorin"|"Birchall"|"lbirchallf4@uiuc.edu"|"Female"|"Female"|"Lorin Birchall"
546|"Gilly"|"Bengoechea"|"gbengoecheaf5@php.net"|"Male"|"Male"|"Gilly Bengoechea"
547|"Jemimah"|"Wylam"|"jwylamf6@google.co.jp"|"Agender"|"Agender"|"Jemimah Wylam"
548|"Ulrikaumeko"|"Lumsden"|"ulumsdenf7@jalbum.net"|"Male"|"Male"|"Ulrikaumeko Lumsden"
549|"Pall"|"Puttnam"|"pputtnamf8@soundcloud.com"|"Genderqueer"|"Genderqueer"|"Pall Puttnam"
550|"Taber"|"Lorek"|"tlorekf9@nydailynews.com"|"Agender"|"Agender"|"Taber Lorek"
551|"Rasia"|"Van Dalen"|"rvandalenfa@altervista.org"|"Non-binary"|"Non-binary"|"Rasia Van Dalen"
552|"Thedrick"|"Southerden"|"tsoutherdenfb@weebly.com"|"Agender"|"Agender"|"Thedrick Southerden"
553|"Loretta"|"Allsup"|"lallsupfc@studiopress.com"|"Male"|"Male"|"Loretta Allsup"
554|"Kirstin"|"Genty"|"kgentyfd@thetimes.co.uk"|"Genderfluid"|"Genderfluid"|"Kirstin Genty"
555|"Zonda"|"Kingshott"|"zkingshottfe@yolasite.com"|"Female"|"Female"|"Zonda Kingshott"
556|"Barton"|"Poland"|"bpolandff@fema.gov"|"Agender"|"Agender"|"Barton Poland"
557|"Taite"|"Ryam"|"tryamfg@tripod.com"|"Bigender"|"Bigender"|"Taite Ryam"
558|"Cassie"|"Lainge"|"claingefh@smugmug.com"|"Genderfluid"|"Genderfluid"|"Cassie Lainge"
559|"Tedie"|"Posnette"|"tposnettefi@twitpic.com"|"Genderqueer"|"Genderqueer"|"Tedie Posnette"
560|"Orran"|"Passby"|"opassbyfj@zimbio.com"|"Genderfluid"|"Genderfluid"|"Orran Passby"
561|"Timotheus"|"Jephson"|"tjephsonfk@amazon.de"|"Genderqueer"|"Genderqueer"|"Timotheus Jephson"
562|"Antonin"|"Janzen"|"ajanzenfl@elpais.com"|"Genderfluid"|"Genderfluid"|"Antonin Janzen"
563|"Yolanthe"|"Pitchers"|"ypitchersfm@google.pl"|"Polygender"|"Polygender"|"Yolanthe Pitchers"
564|"Sibyl"|"Gouldthorp"|"sgouldthorpfn@technorati.com"|"Genderfluid"|"Genderfluid"|"Sibyl Gouldthorp"
565|"Lacie"|"Minghetti"|"lminghettifo@youku.com"|"Polygender"|"Polygender"|"Lacie Minghetti"
566|"Torrence"|"Giaomozzo"|"tgiaomozzofp@wikia.com"|"Female"|"Female"|"Torrence Giaomozzo"
567|"Grover"|"O'Dowd"|"godowdfq@instagram.com"|"Non-binary"|"Non-binary"|"Grover O'Dowd"
568|"Ivor"|"Heaysman"|"iheaysmanfr@nbcnews.com"|"Non-binary"|"Non-binary"|"Ivor Heaysman"
569|"Stepha"|"Setchfield"|"ssetchfieldfs@yellowpages.com"|"Non-binary"|"Non-binary"|"Stepha Setchfield"
570|"Jereme"|"Dowbakin"|"jdowbakinft@tumblr.com"|"Agender"|"Agender"|"Jereme Dowbakin"
571|"Aubert"|"Ashfield"|"aashfieldfu@redcross.org"|"Genderfluid"|"Genderfluid"|"Aubert Ashfield"
572|"Kayley"|"McCool"|"kmccoolfv@t-online.de"|"Genderqueer"|"Genderqueer"|"Kayley McCool"
573|"Demetrius"|"Lickess"|"dlickessfw@smugmug.com"|"Bigender"|"Bigender"|"Demetrius Lickess"
574|"Mohandis"|"Cater"|"mcaterfx@dropbox.com"|"Female"|"Female"|"Mohandis Cater"
575|"Friedrick"|"Docket"|"fdocketfy@google.pl"|"Non-binary"|"Non-binary"|"Friedrick Docket"
576|"Sadye"|"Keemar"|"skeemarfz@harvard.edu"|"Female"|"Female"|"Sadye Keemar"
577|"Northrup"|"Earry"|"nearryg0@webnode.com"|"Female"|"Female"|"Northrup Earry"
578|"Niles"|"Toquet"|"ntoquetg1@prweb.com"|"Genderfluid"|"Genderfluid"|"Niles Toquet"
579|"Filmore"|"Amis"|"famisg2@xrea.com"|"Genderfluid"|"Genderfluid"|"Filmore Amis"
580|"Petunia"|"Atyea"|"patyeag3@ezinearticles.com"|"Genderfluid"|"Genderfluid"|"Petunia Atyea"
581|"Tobiah"|"Velasquez"|"tvelasquezg4@chronoengine.com"|"Male"|"Male"|"Tobiah Velasquez"
582|"Ezmeralda"|"Veldens"|"eveldensg5@illinois.edu"|"Genderfluid"|"Genderfluid"|"Ezmeralda Veldens"
583|"Sharla"|"Crickmoor"|"scrickmoorg6@hostgator.com"|"Bigender"|"Bigender"|"Sharla Crickmoor"
584|"Robinia"|"Bolger"|"rbolgerg7@ifeng.com"|"Non-binary"|"Non-binary"|"Robinia Bolger"
585|"Rodge"|"Falks"|"rfalksg8@technorati.com"|"Genderfluid"|"Genderfluid"|"Rodge Falks"
586|"Erl"|"Humpatch"|"ehumpatchg9@rambler.ru"|"Bigender"|"Bigender"|"Erl Humpatch"
587|"Coreen"|"Phittiplace"|"cphittiplacega@artisteer.com"|"Non-binary"|"Non-binary"|"Coreen Phittiplace"
588|"Kim"|"Brittin"|"kbrittingb@mayoclinic.com"|"Genderfluid"|"Genderfluid"|"Kim Brittin"
589|"Isidora"|"Wildber"|"iwildbergc@t-online.de"|"Agender"|"Agender"|"Isidora Wildber"
590|"Malena"|"Zwicker"|"mzwickergd@wikispaces.com"|"Genderqueer"|"Genderqueer"|"Malena Zwicker"
591|"Charleen"|"Aughton"|"caughtonge@umich.edu"|"Genderfluid"|"Genderfluid"|"Charleen Aughton"
592|"Maddy"|"Titchener"|"mtitchenergf@redcross.org"|"Female"|"Female"|"Maddy Titchener"
593|"Lisle"|"Dibb"|"ldibbgg@hc360.com"|"Bigender"|"Bigender"|"Lisle Dibb"
594|"Trula"|"Artinstall"|"tartinstallgh@oaic.gov.au"|"Male"|"Male"|"Trula Artinstall"
595|"Torey"|"Lowdeane"|"tlowdeanegi@deliciousdays.com"|"Non-binary"|"Non-binary"|"Torey Lowdeane"
596|"Lynett"|"Carrane"|"lcarranegj@exblog.jp"|"Polygender"|"Polygender"|"Lynett Carrane"
597|"Morna"|"Reape"|"mreapegk@clickbank.net"|"Non-binary"|"Non-binary"|"Morna Reape"
598|"Bertina"|"Cabell"|"bcabellgl@webmd.com"|"Polygender"|"Polygender"|"Bertina Cabell"
599|"Martelle"|"Giovannilli"|"mgiovannilligm@vistaprint.com"|"Non-binary"|"Non-binary"|"Martelle Giovannilli"
600|"Spencer"|"Mushawe"|"smushawegn@sogou.com"|"Polygender"|"Polygender"|"Spencer Mushawe"
601|"Kordula"|"Murrhaupt"|"kmurrhauptgo@loc.gov"|"Polygender"|"Polygender"|"Kordula Murrhaupt"
602|"Moishe"|"Belchamber"|"mbelchambergp@businessweek.com"|"Non-binary"|"Non-binary"|"Moishe Belchamber"
603|"Blondie"|"Floch"|"bflochgq@google.com"|"Bigender"|"Bigender"|"Blondie Floch"
604|"Zondra"|"Vennart"|"zvennartgr@gmpg.org"|"Female"|"Female"|"Zondra Vennart"
605|"Cristal"|"Forsdike"|"cforsdikegs@mozilla.com"|"Female"|"Female"|"Cristal Forsdike"
606|"Kendre"|"Kimblin"|"kkimblingt@bbc.co.uk"|"Genderfluid"|"Genderfluid"|"Kendre Kimblin"
607|"Gar"|"Somerbell"|"gsomerbellgu@berkeley.edu"|"Bigender"|"Bigender"|"Gar Somerbell"
608|"Kelli"|"Rodenburgh"|"krodenburghgv@time.com"|"Male"|"Male"|"Kelli Rodenburgh"
609|"Cacilia"|"Evitts"|"cevittsgw@com.com"|"Agender"|"Agender"|"Cacilia Evitts"
610|"Humphrey"|"Varne"|"hvarnegx@de.vu"|"Agender"|"Agender"|"Humphrey Varne"
611|"Diane"|"Simon"|"dsimongy@nydailynews.com"|"Female"|"Female"|"Diane Simon"
612|"Claudetta"|"Burdoun"|"cburdoungz@gnu.org"|"Genderfluid"|"Genderfluid"|"Claudetta Burdoun"
613|"Saidee"|"Tommen"|"stommenh0@homestead.com"|"Agender"|"Agender"|"Saidee Tommen"
614|"Lorette"|"Burdis"|"lburdish1@nature.com"|"Genderfluid"|"Genderfluid"|"Lorette Burdis"
615|"Siana"|"Baudoux"|"sbaudouxh2@globo.com"|"Female"|"Female"|"Siana Baudoux"
616|"Irwin"|"Gindghill"|"igindghillh3@netlog.com"|"Genderqueer"|"Genderqueer"|"Irwin Gindghill"
617|"Morgen"|"Stoacley"|"mstoacleyh4@dion.ne.jp"|"Female"|"Female"|"Morgen Stoacley"
618|"Hurlee"|"Amar"|"hamarh5@zdnet.com"|"Bigender"|"Bigender"|"Hurlee Amar"
619|"Erin"|"Danieli"|"edanielih6@typepad.com"|"Genderfluid"|"Genderfluid"|"Erin Danieli"
620|"Flory"|"Oaker"|"foakerh7@hc360.com"|"Agender"|"Agender"|"Flory Oaker"
621|"Fred"|"Howsan"|"fhowsanh8@ibm.com"|"Genderfluid"|"Genderfluid"|"Fred Howsan"
622|"Kevon"|"Roome"|"kroomeh9@utexas.edu"|"Genderqueer"|"Genderqueer"|"Kevon Roome"
623|"Mercie"|"Deluze"|"mdeluzeha@thetimes.co.uk"|"Genderqueer"|"Genderqueer"|"Mercie Deluze"
624|"Gussy"|"Frostdyke"|"gfrostdykehb@ft.com"|"Polygender"|"Polygender"|"Gussy Frostdyke"
625|"Wilek"|"Tozer"|"wtozerhc@jimdo.com"|"Male"|"Male"|"Wilek Tozer"
626|"Dorian"|"Althorpe"|"dalthorpehd@mapquest.com"|"Agender"|"Agender"|"Dorian Althorpe"
627|"Darin"|"Furtado"|"dfurtadohe@smugmug.com"|"Bigender"|"Bigender"|"Darin Furtado"
628|"Omar"|"Ayliffe"|"oayliffehf@macromedia.com"|"Bigender"|"Bigender"|"Omar Ayliffe"
629|"Inna"|"Ruppert"|"irupperthg@huffingtonpost.com"|"Agender"|"Agender"|"Inna Ruppert"
630|"Annalee"|"Hambers"|"ahambershh@discuz.net"|"Genderqueer"|"Genderqueer"|"Annalee Hambers"
631|"Sioux"|"Van Rembrandt"|"svanrembrandthi@qq.com"|"Female"|"Female"|"Sioux Van Rembrandt"
632|"Sonni"|"Kenward"|"skenwardhj@princeton.edu"|"Genderfluid"|"Genderfluid"|"Sonni Kenward"
633|"Jerrylee"|"Cotesford"|"jcotesfordhk@buzzfeed.com"|"Genderfluid"|"Genderfluid"|"Jerrylee Cotesford"
634|"Luisa"|"Curlis"|"lcurlishl@marriott.com"|"Non-binary"|"Non-binary"|"Luisa Curlis"
635|"Adore"|"Gallie"|"agalliehm@smugmug.com"|"Genderfluid"|"Genderfluid"|"Adore Gallie"
636|"Christian"|"Pettegre"|"cpettegrehn@dyndns.org"|"Bigender"|"Bigender"|"Christian Pettegre"
637|"Caleb"|"Gurney"|"cgurneyho@google.com.au"|"Male"|"Male"|"Caleb Gurney"
638|"Zabrina"|"Geist"|"zgeisthp@cocolog-nifty.com"|"Genderfluid"|"Genderfluid"|"Zabrina Geist"
639|"Tami"|"Brownsworth"|"tbrownsworthhq@ted.com"|"Polygender"|"Polygender"|"Tami Brownsworth"
640|"Demetra"|"Diter"|"dditerhr@nhs.uk"|"Non-binary"|"Non-binary"|"Demetra Diter"
641|"Ambrose"|"De Pietri"|"adepietrihs@wordpress.org"|"Genderfluid"|"Genderfluid"|"Ambrose De Pietri"
642|"Wilhelmina"|"Vaney"|"wvaneyht@sourceforge.net"|"Genderqueer"|"Genderqueer"|"Wilhelmina Vaney"
643|"Donovan"|"Durrad"|"ddurradhu@indiatimes.com"|"Bigender"|"Bigender"|"Donovan Durrad"
644|"Mitzi"|"Kiggel"|"mkiggelhv@360.cn"|"Genderfluid"|"Genderfluid"|"Mitzi Kiggel"
645|"Teddie"|"Stigger"|"tstiggerhw@canalblog.com"|"Male"|"Male"|"Teddie Stigger"
646|"Damian"|"Devigne"|"ddevignehx@washingtonpost.com"|"Bigender"|"Bigender"|"Damian Devigne"
647|"Pattie"|"Gonnelly"|"pgonnellyhy@wikia.com"|"Polygender"|"Polygender"|"Pattie Gonnelly"
648|"Neilla"|"Grabbam"|"ngrabbamhz@com.com"|"Female"|"Female"|"Neilla Grabbam"
649|"Maude"|"Durden"|"mdurdeni0@51.la"|"Agender"|"Agender"|"Maude Durden"
650|"Roxi"|"Claybourn"|"rclaybourni1@foxnews.com"|"Polygender"|"Polygender"|"Roxi Claybourn"
651|"Radcliffe"|"Wrettum"|"rwrettumi2@de.vu"|"Genderqueer"|"Genderqueer"|"Radcliffe Wrettum"
652|"Leola"|"Gilluley"|"lgilluleyi3@oracle.com"|"Bigender"|"Bigender"|"Leola Gilluley"
653|"Lorrayne"|"Charpling"|"lcharplingi4@etsy.com"|"Male"|"Male"|"Lorrayne Charpling"
654|"Arabel"|"Rentoul"|"arentouli5@cam.ac.uk"|"Bigender"|"Bigender"|"Arabel Rentoul"
655|"Truda"|"Whitsun"|"twhitsuni6@bravesites.com"|"Genderqueer"|"Genderqueer"|"Truda Whitsun"
656|"Brandise"|"Goathrop"|"bgoathropi7@cloudflare.com"|"Non-binary"|"Non-binary"|"Brandise Goathrop"
657|"Barr"|"Toone"|"btoonei8@miitbeian.gov.cn"|"Female"|"Female"|"Barr Toone"
658|"Roxanne"|"Stilwell"|"rstilwelli9@google.com"|"Agender"|"Agender"|"Roxanne Stilwell"
659|"Carmine"|"Tennant"|"ctennantia@ning.com"|"Polygender"|"Polygender"|"Carmine Tennant"
660|"Shannon"|"Bodell"|"sbodellib@merriam-webster.com"|"Male"|"Male"|"Shannon Bodell"
661|"Hortensia"|"Orknay"|"horknayic@artisteer.com"|"Male"|"Male"|"Hortensia Orknay"
662|"Lindon"|"Caurah"|"lcaurahid@technorati.com"|"Agender"|"Agender"|"Lindon Caurah"
663|"Paloma"|"Pusey"|"ppuseyie@businesswire.com"|"Female"|"Female"|"Paloma Pusey"
664|"Tore"|"Alpin"|"talpinif@feedburner.com"|"Genderqueer"|"Genderqueer"|"Tore Alpin"
665|"Ruthie"|"Manson"|"rmansonig@cocolog-nifty.com"|"Genderfluid"|"Genderfluid"|"Ruthie Manson"
666|"Briny"|"Olek"|"bolekih@pinterest.com"|"Agender"|"Agender"|"Briny Olek"
667|"Jonis"|"Temperton"|"jtempertonii@mtv.com"|"Genderqueer"|"Genderqueer"|"Jonis Temperton"
668|"Rene"|"Bende"|"rbendeij@a8.net"|"Male"|"Male"|"Rene Bende"
669|"Tally"|"Zwicker"|"tzwickerik@twitpic.com"|"Female"|"Female"|"Tally Zwicker"
670|"Pepito"|"Levesley"|"plevesleyil@usa.gov"|"Non-binary"|"Non-binary"|"Pepito Levesley"
671|"Kristyn"|"Ungerecht"|"kungerechtim@usgs.gov"|"Female"|"Female"|"Kristyn Ungerecht"
672|"Zena"|"Kentwell"|"zkentwellin@vimeo.com"|"Female"|"Female"|"Zena Kentwell"
673|"Obadiah"|"Ochterlonie"|"oochterlonieio@addtoany.com"|"Bigender"|"Bigender"|"Obadiah Ochterlonie"
674|"Dulcine"|"Conaboy"|"dconaboyip@flavors.me"|"Agender"|"Agender"|"Dulcine Conaboy"
675|"Kennett"|"Rewbottom"|"krewbottomiq@china.com.cn"|"Male"|"Male"|"Kennett Rewbottom"
676|"Kristyn"|"Carncross"|"kcarncrossir@theglobeandmail.com"|"Non-binary"|"Non-binary"|"Kristyn Carncross"
677|"Xenos"|"Emmot"|"xemmotis@uol.com.br"|"Non-binary"|"Non-binary"|"Xenos Emmot"
678|"Dewain"|"Tebald"|"dtebaldit@topsy.com"|"Genderfluid"|"Genderfluid"|"Dewain Tebald"
679|"Elise"|"Hallad"|"ehalladiu@answers.com"|"Agender"|"Agender"|"Elise Hallad"
680|"Ruperto"|"Winscum"|"rwinscumiv@cbc.ca"|"Genderfluid"|"Genderfluid"|"Ruperto Winscum"
681|"Koo"|"Daniel"|"kdanieliw@imdb.com"|"Male"|"Male"|"Koo Daniel"
682|"Alphonso"|"Leverington"|"aleveringtonix@edublogs.org"|"Female"|"Female"|"Alphonso Leverington"
683|"Crista"|"Parrin"|"cparriniy@hao123.com"|"Genderfluid"|"Genderfluid"|"Crista Parrin"
684|"Gerri"|"Lynett"|"glynettiz@gnu.org"|"Male"|"Male"|"Gerri Lynett"
685|"Tracie"|"Ogborn"|"togbornj0@addthis.com"|"Non-binary"|"Non-binary"|"Tracie Ogborn"
686|"Mellisa"|"Hale"|"mhalej1@baidu.com"|"Female"|"Female"|"Mellisa Hale"
687|"Franz"|"Caughan"|"fcaughanj2@yale.edu"|"Male"|"Male"|"Franz Caughan"
688|"Syman"|"Snyder"|"ssnyderj3@list-manage.com"|"Non-binary"|"Non-binary"|"Syman Snyder"
689|"Bebe"|"Tampling"|"btamplingj4@elpais.com"|"Polygender"|"Polygender"|"Bebe Tampling"
690|"Tiebout"|"MacConnel"|"tmacconnelj5@diigo.com"|"Male"|"Male"|"Tiebout MacConnel"
691|"Ramsey"|"Kemsley"|"rkemsleyj6@google.pl"|"Agender"|"Agender"|"Ramsey Kemsley"
692|"Renell"|"Tansill"|"rtansillj7@phoca.cz"|"Male"|"Male"|"Renell Tansill"
693|"Somerset"|"Roberson"|"srobersonj8@devhub.com"|"Agender"|"Agender"|"Somerset Roberson"
694|"Jodie"|"Jaegar"|"jjaegarj9@about.com"|"Genderfluid"|"Genderfluid"|"Jodie Jaegar"
695|"Percival"|"Joder"|"pjoderja@hc360.com"|"Bigender"|"Bigender"|"Percival Joder"
696|"Paola"|"Franchyonok"|"pfranchyonokjb@sun.com"|"Genderqueer"|"Genderqueer"|"Paola Franchyonok"
697|"Harriott"|"Karpman"|"hkarpmanjc@pbs.org"|"Female"|"Female"|"Harriott Karpman"
698|"Catharina"|"Pietrzak"|"cpietrzakjd@latimes.com"|"Non-binary"|"Non-binary"|"Catharina Pietrzak"
699|"Gianna"|"McAless"|"gmcalessje@123-reg.co.uk"|"Female"|"Female"|"Gianna McAless"
700|"Luther"|"Pibsworth"|"lpibsworthjf@virginia.edu"|"Agender"|"Agender"|"Luther Pibsworth"
701|"Perry"|"Sparkwell"|"psparkwelljg@creativecommons.org"|"Bigender"|"Bigender"|"Perry Sparkwell"
702|"Peadar"|"Meffan"|"pmeffanjh@rediff.com"|"Polygender"|"Polygender"|"Peadar Meffan"
703|"Lorraine"|"Caraher"|"lcaraherji@wikipedia.org"|"Bigender"|"Bigender"|"Lorraine Caraher"
704|"Bourke"|"Sinden"|"bsindenjj@mit.edu"|"Female"|"Female"|"Bourke Sinden"
705|"Briana"|"Varley"|"bvarleyjk@clickbank.net"|"Genderfluid"|"Genderfluid"|"Briana Varley"
706|"Alverta"|"Winkell"|"awinkelljl@princeton.edu"|"Bigender"|"Bigender"|"Alverta Winkell"
707|"Correna"|"Pinckstone"|"cpinckstonejm@yandex.ru"|"Non-binary"|"Non-binary"|"Correna Pinckstone"
708|"Enrica"|"Frean"|"efreanjn@webs.com"|"Genderfluid"|"Genderfluid"|"Enrica Frean"
709|"Kendricks"|"Symper"|"ksymperjo@sakura.ne.jp"|"Male"|"Male"|"Kendricks Symper"
710|"Mischa"|"Mallison"|"mmallisonjp@odnoklassniki.ru"|"Female"|"Female"|"Mischa Mallison"
711|"Chip"|"Calverd"|"ccalverdjq@mashable.com"|"Genderqueer"|"Genderqueer"|"Chip Calverd"
712|"Renata"|"Sherrum"|"rsherrumjr@army.mil"|"Male"|"Male"|"Renata Sherrum"
713|"Teressa"|"Stiegars"|"tstiegarsjs@tinypic.com"|"Polygender"|"Polygender"|"Teressa Stiegars"
714|"Corabelle"|"Hudleston"|"chudlestonjt@360.cn"|"Genderfluid"|"Genderfluid"|"Corabelle Hudleston"
715|"Stormy"|"Barkshire"|"sbarkshireju@sciencedaily.com"|"Non-binary"|"Non-binary"|"Stormy Barkshire"
716|"Theadora"|"Lawdham"|"tlawdhamjv@reverbnation.com"|"Agender"|"Agender"|"Theadora Lawdham"
717|"Gus"|"Prentice"|"gprenticejw@wiley.com"|"Genderqueer"|"Genderqueer"|"Gus Prentice"
718|"Ramonda"|"Kerswell"|"rkerswelljx@meetup.com"|"Male"|"Male"|"Ramonda Kerswell"
719|"Alexei"|"Pittway"|"apittwayjy@craigslist.org"|"Polygender"|"Polygender"|"Alexei Pittway"
720|"Aline"|"Kase"|"akasejz@home.pl"|"Genderqueer"|"Genderqueer"|"Aline Kase"
721|"Perry"|"Giacomozzo"|"pgiacomozzok0@hatena.ne.jp"|"Genderfluid"|"Genderfluid"|"Perry Giacomozzo"
722|"Ravid"|"McCotter"|"rmccotterk1@posterous.com"|"Agender"|"Agender"|"Ravid McCotter"
723|"Bekki"|"Lount"|"blountk2@economist.com"|"Genderqueer"|"Genderqueer"|"Bekki Lount"
724|"Merwin"|"Coopland"|"mcooplandk3@godaddy.com"|"Genderfluid"|"Genderfluid"|"Merwin Coopland"
725|"Carey"|"Burgh"|"cburghk4@gravatar.com"|"Genderqueer"|"Genderqueer"|"Carey Burgh"
726|"Vern"|"McInnes"|"vmcinnesk5@wordpress.org"|"Genderqueer"|"Genderqueer"|"Vern McInnes"
727|"Tuckie"|"Gideon"|"tgideonk6@skype.com"|"Genderfluid"|"Genderfluid"|"Tuckie Gideon"
728|"Ellissa"|"Jeannesson"|"ejeannessonk7@apache.org"|"Polygender"|"Polygender"|"Ellissa Jeannesson"
729|"Sherlocke"|"Folger"|"sfolgerk8@weibo.com"|"Polygender"|"Polygender"|"Sherlocke Folger"
730|"Maxie"|"Laflin"|"mlaflink9@craigslist.org"|"Agender"|"Agender"|"Maxie Laflin"
731|"Janey"|"Bromehed"|"jbromehedka@prweb.com"|"Genderfluid"|"Genderfluid"|"Janey Bromehed"
732|"Base"|"Camber"|"bcamberkb@abc.net.au"|"Male"|"Male"|"Base Camber"
733|"Patty"|"Broughton"|"pbroughtonkc@skype.com"|"Genderqueer"|"Genderqueer"|"Patty Broughton"
734|"Arri"|"Messent"|"amessentkd@businesswire.com"|"Female"|"Female"|"Arri Messent"
735|"Kariotta"|"Barlee"|"kbarleeke@wix.com"|"Genderfluid"|"Genderfluid"|"Kariotta Barlee"
736|"Ezri"|"Painten"|"epaintenkf@csmonitor.com"|"Genderfluid"|"Genderfluid"|"Ezri Painten"
737|"Matti"|"La Vigne"|"mlavignekg@indiatimes.com"|"Agender"|"Agender"|"Matti La Vigne"
738|"Merrel"|"Frushard"|"mfrushardkh@themeforest.net"|"Male"|"Male"|"Merrel Frushard"
739|"Marla"|"Whimp"|"mwhimpki@hhs.gov"|"Polygender"|"Polygender"|"Marla Whimp"
740|"Priscella"|"Hars"|"pharskj@vinaora.com"|"Male"|"Male"|"Priscella Hars"
741|"Dorry"|"Haye"|"dhayekk@google.de"|"Non-binary"|"Non-binary"|"Dorry Haye"
742|"Geraldine"|"Nisco"|"gniscokl@reference.com"|"Polygender"|"Polygender"|"Geraldine Nisco"
743|"Marlin"|"Furtado"|"mfurtadokm@smh.com.au"|"Female"|"Female"|"Marlin Furtado"
744|"Abbey"|"Franc"|"afranckn@berkeley.edu"|"Non-binary"|"Non-binary"|"Abbey Franc"
745|"Lia"|"Pavett"|"lpavettko@phoca.cz"|"Bigender"|"Bigender"|"Lia Pavett"
746|"Wanids"|"Orrin"|"worrinkp@nydailynews.com"|"Female"|"Female"|"Wanids Orrin"
747|"Lorrie"|"Instone"|"linstonekq@tripod.com"|"Genderfluid"|"Genderfluid"|"Lorrie Instone"
748|"Zandra"|"Kembrey"|"zkembreykr@wordpress.com"|"Genderfluid"|"Genderfluid"|"Zandra Kembrey"
749|"Ianthe"|"Pittel"|"ipittelks@squarespace.com"|"Genderfluid"|"Genderfluid"|"Ianthe Pittel"
750|"Catharine"|"Fabry"|"cfabrykt@ameblo.jp"|"Male"|"Male"|"Catharine Fabry"
751|"Robinett"|"Kinver"|"rkinverku@g.co"|"Genderfluid"|"Genderfluid"|"Robinett Kinver"
752|"Karyl"|"Profit"|"kprofitkv@uol.com.br"|"Male"|"Male"|"Karyl Profit"
753|"Lianna"|"Tallis"|"ltalliskw@tumblr.com"|"Male"|"Male"|"Lianna Tallis"
754|"Lanae"|"Cundy"|"lcundykx@usda.gov"|"Female"|"Female"|"Lanae Cundy"
755|"Curtis"|"Giacovelli"|"cgiacovelliky@dagondesign.com"|"Non-binary"|"Non-binary"|"Curtis Giacovelli"
756|"Marianna"|"Soles"|"msoleskz@devhub.com"|"Female"|"Female"|"Marianna Soles"
757|"Rosemonde"|"Celez"|"rcelezl0@prnewswire.com"|"Polygender"|"Polygender"|"Rosemonde Celez"
758|"Ignazio"|"Judkins"|"ijudkinsl1@arstechnica.com"|"Bigender"|"Bigender"|"Ignazio Judkins"
759|"Emmet"|"Alton"|"ealtonl2@archive.org"|"Genderfluid"|"Genderfluid"|"Emmet Alton"
760|"Barth"|"Velareal"|"bvelareall3@github.com"|"Genderqueer"|"Genderqueer"|"Barth Velareal"
761|"Bobbe"|"Hagley"|"bhagleyl4@wired.com"|"Non-binary"|"Non-binary"|"Bobbe Hagley"
762|"Earlie"|"Manclark"|"emanclarkl5@slideshare.net"|"Genderqueer"|"Genderqueer"|"Earlie Manclark"
763|"Hynda"|"Normansell"|"hnormanselll6@squidoo.com"|"Non-binary"|"Non-binary"|"Hynda Normansell"
764|"Waldo"|"Tattoo"|"wtattool7@toplist.cz"|"Genderqueer"|"Genderqueer"|"Waldo Tattoo"
765|"Egor"|"Tanswill"|"etanswilll8@cpanel.net"|"Female"|"Female"|"Egor Tanswill"
766|"Florella"|"Joyson"|"fjoysonl9@mac.com"|"Agender"|"Agender"|"Florella Joyson"
767|"Sam"|"Meaden"|"smeadenla@wp.com"|"Genderqueer"|"Genderqueer"|"Sam Meaden"
768|"Giles"|"Spikeings"|"gspikeingslb@sourceforge.net"|"Genderqueer"|"Genderqueer"|"Giles Spikeings"
769|"Mart"|"Meale"|"mmealelc@mapy.cz"|"Agender"|"Agender"|"Mart Meale"
770|"Gwenneth"|"Schafer"|"gschaferld@jalbum.net"|"Agender"|"Agender"|"Gwenneth Schafer"
771|"Chaddie"|"Overthrow"|"coverthrowle@hhs.gov"|"Non-binary"|"Non-binary"|"Chaddie Overthrow"
772|"Zollie"|"Tomasek"|"ztomaseklf@intel.com"|"Non-binary"|"Non-binary"|"Zollie Tomasek"
773|"Shalom"|"Egdell"|"segdelllg@naver.com"|"Genderfluid"|"Genderfluid"|"Shalom Egdell"
774|"Steve"|"Jeaycock"|"sjeaycocklh@typepad.com"|"Polygender"|"Polygender"|"Steve Jeaycock"
775|"Hildegaard"|"Tumbelty"|"htumbeltyli@chron.com"|"Male"|"Male"|"Hildegaard Tumbelty"
776|"Dunc"|"O'Hone"|"dohonelj@gmpg.org"|"Bigender"|"Bigender"|"Dunc O'Hone"
777|"Evyn"|"Lacy"|"elacylk@whitehouse.gov"|"Polygender"|"Polygender"|"Evyn Lacy"
778|"Korrie"|"Fairman"|"kfairmanll@ustream.tv"|"Genderfluid"|"Genderfluid"|"Korrie Fairman"
779|"Tarrah"|"Casina"|"tcasinalm@bigcartel.com"|"Genderfluid"|"Genderfluid"|"Tarrah Casina"
780|"Beltran"|"Donaghie"|"bdonaghieln@facebook.com"|"Polygender"|"Polygender"|"Beltran Donaghie"
781|"Domenico"|"Keinrat"|"dkeinratlo@samsung.com"|"Male"|"Male"|"Domenico Keinrat"
782|"Sheff"|"Spoors"|"sspoorslp@google.com.au"|"Bigender"|"Bigender"|"Sheff Spoors"
783|"Lethia"|"Vanderplas"|"lvanderplaslq@surveymonkey.com"|"Male"|"Male"|"Lethia Vanderplas"
784|"Web"|"Teers"|"wteerslr@cmu.edu"|"Female"|"Female"|"Web Teers"
785|"Ninnette"|"Dunsleve"|"ndunslevels@netscape.com"|"Agender"|"Agender"|"Ninnette Dunsleve"
786|"Corrina"|"Hatchell"|"chatchelllt@homestead.com"|"Polygender"|"Polygender"|"Corrina Hatchell"
787|"Hali"|"Eggins"|"hegginslu@netscape.com"|"Bigender"|"Bigender"|"Hali Eggins"
788|"Val"|"Ramel"|"vramellv@vimeo.com"|"Female"|"Female"|"Val Ramel"
789|"Evelina"|"Guidetti"|"eguidettilw@rambler.ru"|"Male"|"Male"|"Evelina Guidetti"
790|"Jolie"|"Lambertini"|"jlambertinilx@ihg.com"|"Non-binary"|"Non-binary"|"Jolie Lambertini"
791|"Sky"|"Antonich"|"santonichly@cbsnews.com"|"Genderqueer"|"Genderqueer"|"Sky Antonich"
792|"Ddene"|"Gulk"|"dgulklz@cdc.gov"|"Bigender"|"Bigender"|"Ddene Gulk"
793|"Siouxie"|"Loseke"|"slosekem0@nature.com"|"Polygender"|"Polygender"|"Siouxie Loseke"
794|"Conrado"|"Gianolini"|"cgianolinim1@go.com"|"Genderfluid"|"Genderfluid"|"Conrado Gianolini"
795|"Joseito"|"Beany"|"jbeanym2@google.es"|"Bigender"|"Bigender"|"Joseito Beany"
796|"Bruce"|"Matysiak"|"bmatysiakm3@tumblr.com"|"Genderqueer"|"Genderqueer"|"Bruce Matysiak"
797|"Abraham"|"Knutton"|"aknuttonm4@businessweek.com"|"Non-binary"|"Non-binary"|"Abraham Knutton"
798|"Howie"|"Braikenridge"|"hbraikenridgem5@mysql.com"|"Non-binary"|"Non-binary"|"Howie Braikenridge"
799|"Ruttger"|"Duck"|"rduckm6@sourceforge.net"|"Bigender"|"Bigender"|"Ruttger Duck"
800|"Florance"|"Brittian"|"fbrittianm7@friendfeed.com"|"Male"|"Male"|"Florance Brittian"
801|"Gizela"|"Domleo"|"gdomleom8@hud.gov"|"Male"|"Male"|"Gizela Domleo"
802|"Marje"|"Greenall"|"mgreenallm9@macromedia.com"|"Agender"|"Agender"|"Marje Greenall"
803|"Hillie"|"Baumer"|"hbaumerma@huffingtonpost.com"|"Genderqueer"|"Genderqueer"|"Hillie Baumer"
804|"Otes"|"Lowrie"|"olowriemb@purevolume.com"|"Genderfluid"|"Genderfluid"|"Otes Lowrie"
805|"Vicki"|"Costley"|"vcostleymc@fda.gov"|"Bigender"|"Bigender"|"Vicki Costley"
806|"Cathrine"|"Whistlecraft"|"cwhistlecraftmd@aboutads.info"|"Bigender"|"Bigender"|"Cathrine Whistlecraft"
807|"Bendix"|"Goodboddy"|"bgoodboddyme@answers.com"|"Polygender"|"Polygender"|"Bendix Goodboddy"
808|"Nelly"|"Mewton"|"nmewtonmf@redcross.org"|"Bigender"|"Bigender"|"Nelly Mewton"
809|"Sly"|"Chasmer"|"schasmermg@deviantart.com"|"Non-binary"|"Non-binary"|"Sly Chasmer"
810|"Leda"|"Pietri"|"lpietrimh@sciencedaily.com"|"Female"|"Female"|"Leda Pietri"
811|"Anabal"|"Chelsom"|"achelsommi@about.com"|"Bigender"|"Bigender"|"Anabal Chelsom"
812|"Danita"|"Das"|"ddasmj@nyu.edu"|"Non-binary"|"Non-binary"|"Danita Das"
813|"Avictor"|"Moral"|"amoralmk@chicagotribune.com"|"Bigender"|"Bigender"|"Avictor Moral"
814|"Durant"|"Yukhnini"|"dyukhniniml@printfriendly.com"|"Agender"|"Agender"|"Durant Yukhnini"
815|"Ryley"|"Liptrot"|"rliptrotmm@hubpages.com"|"Genderqueer"|"Genderqueer"|"Ryley Liptrot"
816|"Meridith"|"Petry"|"mpetrymn@ucla.edu"|"Polygender"|"Polygender"|"Meridith Petry"
817|"Ertha"|"Franke"|"efrankemo@ucoz.com"|"Bigender"|"Bigender"|"Ertha Franke"
818|"Burg"|"Ellin"|"bellinmp@hhs.gov"|"Male"|"Male"|"Burg Ellin"
819|"Laural"|"Skokoe"|"lskokoemq@unesco.org"|"Agender"|"Agender"|"Laural Skokoe"
820|"Billie"|"Blemings"|"bblemingsmr@google.co.uk"|"Agender"|"Agender"|"Billie Blemings"
821|"Olivette"|"Ties"|"otiesms@purevolume.com"|"Female"|"Female"|"Olivette Ties"
822|"Jane"|"Northgraves"|"jnorthgravesmt@skyrock.com"|"Female"|"Female"|"Jane Northgraves"
823|"Newton"|"Burdell"|"nburdellmu@paginegialle.it"|"Genderqueer"|"Genderqueer"|"Newton Burdell"
824|"Balduin"|"Tunney"|"btunneymv@youtube.com"|"Genderfluid"|"Genderfluid"|"Balduin Tunney"
825|"Juditha"|"Stanbro"|"jstanbromw@imgur.com"|"Female"|"Female"|"Juditha Stanbro"
826|"Leeann"|"McDermid"|"lmcdermidmx@canalblog.com"|"Genderfluid"|"Genderfluid"|"Leeann McDermid"
827|"Alanah"|"Cariss"|"acarissmy@acquirethisname.com"|"Genderqueer"|"Genderqueer"|"Alanah Cariss"
828|"Cathe"|"Goman"|"cgomanmz@salon.com"|"Male"|"Male"|"Cathe Goman"
829|"Carlie"|"O'Currigan"|"cocurrigann0@t-online.de"|"Non-binary"|"Non-binary"|"Carlie O'Currigan"
830|"Mei"|"Brade"|"mbraden1@noaa.gov"|"Genderqueer"|"Genderqueer"|"Mei Brade"
831|"Allx"|"Donoher"|"adonohern2@wp.com"|"Bigender"|"Bigender"|"Allx Donoher"
832|"Sacha"|"Sparshott"|"ssparshottn3@cam.ac.uk"|"Non-binary"|"Non-binary"|"Sacha Sparshott"
833|"Shaina"|"Dumberrill"|"sdumberrilln4@prlog.org"|"Female"|"Female"|"Shaina Dumberrill"
834|"Selinda"|"Wapples"|"swapplesn5@uiuc.edu"|"Polygender"|"Polygender"|"Selinda Wapples"
835|"Lilyan"|"Floyed"|"lfloyedn6@patch.com"|"Genderfluid"|"Genderfluid"|"Lilyan Floyed"
836|"Myrta"|"Gianettini"|"mgianettinin7@abc.net.au"|"Genderqueer"|"Genderqueer"|"Myrta Gianettini"
837|"Kassia"|"Duiged"|"kduigedn8@1und1.de"|"Agender"|"Agender"|"Kassia Duiged"
838|"Chip"|"Paramore"|"cparamoren9@illinois.edu"|"Male"|"Male"|"Chip Paramore"
839|"Josh"|"Page"|"jpagena@google.co.jp"|"Polygender"|"Polygender"|"Josh Page"
840|"De witt"|"Francais"|"dfrancaisnb@marriott.com"|"Polygender"|"Polygender"|"De witt Francais"
841|"Krista"|"Ambrosch"|"kambroschnc@hugedomains.com"|"Male"|"Male"|"Krista Ambrosch"
842|"Juliann"|"Rodrig"|"jrodrignd@huffingtonpost.com"|"Agender"|"Agender"|"Juliann Rodrig"
843|"Tobey"|"Bizzey"|"tbizzeyne@omniture.com"|"Non-binary"|"Non-binary"|"Tobey Bizzey"
844|"Celeste"|"Romayne"|"cromaynenf@stanford.edu"|"Female"|"Female"|"Celeste Romayne"
845|"Dexter"|"Bugg"|"dbuggng@shinystat.com"|"Agender"|"Agender"|"Dexter Bugg"
846|"Auberta"|"Keetch"|"akeetchnh@scientificamerican.com"|"Genderqueer"|"Genderqueer"|"Auberta Keetch"
847|"Terri"|"Clarage"|"tclarageni@twitpic.com"|"Genderqueer"|"Genderqueer"|"Terri Clarage"
848|"Aggy"|"Ferrarin"|"aferrarinnj@tinypic.com"|"Genderfluid"|"Genderfluid"|"Aggy Ferrarin"
849|"Nikos"|"Banaszkiewicz"|"nbanaszkiewicznk@creativecommons.org"|"Male"|"Male"|"Nikos Banaszkiewicz"
850|"Marylee"|"Wainscot"|"mwainscotnl@ftc.gov"|"Bigender"|"Bigender"|"Marylee Wainscot"
851|"Kyrstin"|"Matfin"|"kmatfinnm@shop-pro.jp"|"Agender"|"Agender"|"Kyrstin Matfin"
852|"Basil"|"Lukovic"|"blukovicnn@google.it"|"Polygender"|"Polygender"|"Basil Lukovic"
853|"Francesco"|"Turford"|"fturfordno@youtube.com"|"Agender"|"Agender"|"Francesco Turford"
854|"Saunders"|"Wraggs"|"swraggsnp@cornell.edu"|"Non-binary"|"Non-binary"|"Saunders Wraggs"
855|"Pearline"|"Hallwell"|"phallwellnq@ted.com"|"Polygender"|"Polygender"|"Pearline Hallwell"
856|"Camel"|"Headech"|"cheadechnr@altervista.org"|"Female"|"Female"|"Camel Headech"
857|"Josias"|"McKay"|"jmckayns@comsenz.com"|"Genderfluid"|"Genderfluid"|"Josias McKay"
858|"Diane-marie"|"Pendrick"|"dpendricknt@comsenz.com"|"Male"|"Male"|"Diane-marie Pendrick"
859|"Adrian"|"MacCosto"|"amaccostonu@webmd.com"|"Genderqueer"|"Genderqueer"|"Adrian MacCosto"
860|"Berny"|"Werner"|"bwernernv@pen.io"|"Genderfluid"|"Genderfluid"|"Berny Werner"
861|"Margaretha"|"Cruxton"|"mcruxtonnw@tumblr.com"|"Genderfluid"|"Genderfluid"|"Margaretha Cruxton"
862|"Vitoria"|"Verrillo"|"vverrillonx@home.pl"|"Genderqueer"|"Genderqueer"|"Vitoria Verrillo"
863|"Kalindi"|"Woolland"|"kwoollandny@sfgate.com"|"Polygender"|"Polygender"|"Kalindi Woolland"
864|"Clive"|"Gietz"|"cgietznz@telegraph.co.uk"|"Agender"|"Agender"|"Clive Gietz"
865|"Rossie"|"Parsons"|"rparsonso0@ycombinator.com"|"Polygender"|"Polygender"|"Rossie Parsons"
866|"Ezri"|"Kernocke"|"ekernockeo1@ebay.com"|"Female"|"Female"|"Ezri Kernocke"
867|"Tucker"|"Hellyar"|"thellyaro2@un.org"|"Genderqueer"|"Genderqueer"|"Tucker Hellyar"
868|"Hailee"|"Cordero"|"hcorderoo3@1688.com"|"Bigender"|"Bigender"|"Hailee Cordero"
869|"Roxana"|"Burkart"|"rburkarto4@spiegel.de"|"Female"|"Female"|"Roxana Burkart"
870|"Ethelyn"|"Style"|"estyleo5@disqus.com"|"Polygender"|"Polygender"|"Ethelyn Style"
871|"Ema"|"Haining"|"ehainingo6@dailymotion.com"|"Male"|"Male"|"Ema Haining"
872|"Reine"|"Isgar"|"risgaro7@youtube.com"|"Agender"|"Agender"|"Reine Isgar"
873|"Andree"|"Dewing"|"adewingo8@ning.com"|"Female"|"Female"|"Andree Dewing"
874|"Gregorius"|"Soane"|"gsoaneo9@fda.gov"|"Genderqueer"|"Genderqueer"|"Gregorius Soane"
875|"Chip"|"Olivi"|"colivioa@4shared.com"|"Agender"|"Agender"|"Chip Olivi"
876|"Bartlett"|"MacGoun"|"bmacgounob@sun.com"|"Non-binary"|"Non-binary"|"Bartlett MacGoun"
877|"Codi"|"Benda"|"cbendaoc@weibo.com"|"Bigender"|"Bigender"|"Codi Benda"
878|"Cynthie"|"Hasselby"|"chasselbyod@sakura.ne.jp"|"Non-binary"|"Non-binary"|"Cynthie Hasselby"
879|"Ernaline"|"Van den Hof"|"evandenhofoe@usda.gov"|"Polygender"|"Polygender"|"Ernaline Van den Hof"
880|"Fionna"|"Leeburn"|"fleeburnof@ameblo.jp"|"Male"|"Male"|"Fionna Leeburn"
881|"Lev"|"Callendar"|"lcallendarog@nsw.gov.au"|"Female"|"Female"|"Lev Callendar"
882|"Merrilee"|"Face"|"mfaceoh@apple.com"|"Polygender"|"Polygender"|"Merrilee Face"
883|"Angil"|"O'Lynn"|"aolynnoi@weather.com"|"Male"|"Male"|"Angil O'Lynn"
884|"Rosanne"|"Hallsworth"|"rhallsworthoj@wix.com"|"Male"|"Male"|"Rosanne Hallsworth"
885|"Gary"|"Joder"|"gjoderok@rakuten.co.jp"|"Genderqueer"|"Genderqueer"|"Gary Joder"
886|"Natalee"|"Rosenbush"|"nrosenbushol@fastcompany.com"|"Male"|"Male"|"Natalee Rosenbush"
887|"Kelley"|"Phalip"|"kphalipom@buzzfeed.com"|"Male"|"Male"|"Kelley Phalip"
888|"Faydra"|"Pemble"|"fpembleon@soundcloud.com"|"Genderqueer"|"Genderqueer"|"Faydra Pemble"
889|"Viki"|"Burgise"|"vburgiseoo@wunderground.com"|"Non-binary"|"Non-binary"|"Viki Burgise"
890|"Matthew"|"Innot"|"minnotop@spiegel.de"|"Non-binary"|"Non-binary"|"Matthew Innot"
891|"Kordula"|"Reinbeck"|"kreinbeckoq@msn.com"|"Polygender"|"Polygender"|"Kordula Reinbeck"
892|"Mortimer"|"Kindell"|"mkindellor@g.co"|"Female"|"Female"|"Mortimer Kindell"
893|"Quent"|"Maron"|"qmaronos@elegantthemes.com"|"Female"|"Female"|"Quent Maron"
894|"Egan"|"Angless"|"eanglessot@cam.ac.uk"|"Agender"|"Agender"|"Egan Angless"
895|"Berkly"|"Cambling"|"bcamblingou@accuweather.com"|"Bigender"|"Bigender"|"Berkly Cambling"
896|"Mohandas"|"Coates"|"mcoatesov@oracle.com"|"Genderfluid"|"Genderfluid"|"Mohandas Coates"
897|"Lanita"|"Sheircliffe"|"lsheircliffeow@creativecommons.org"|"Bigender"|"Bigender"|"Lanita Sheircliffe"
898|"Ellis"|"Yerrall"|"eyerrallox@soundcloud.com"|"Agender"|"Agender"|"Ellis Yerrall"
899|"Farleigh"|"Hales"|"fhalesoy@ebay.co.uk"|"Polygender"|"Polygender"|"Farleigh Hales"
900|"Dniren"|"Nelmes"|"dnelmesoz@unc.edu"|"Genderqueer"|"Genderqueer"|"Dniren Nelmes"
901|"Ody"|"Crellin"|"ocrellinp0@wikimedia.org"|"Male"|"Male"|"Ody Crellin"
902|"Stirling"|"Jennaroy"|"sjennaroyp1@tripod.com"|"Agender"|"Agender"|"Stirling Jennaroy"
903|"Randee"|"Bratten"|"rbrattenp2@php.net"|"Male"|"Male"|"Randee Bratten"
904|"Roda"|"Langworthy"|"rlangworthyp3@wiley.com"|"Non-binary"|"Non-binary"|"Roda Langworthy"
905|"Ange"|"Savins"|"asavinsp4@rediff.com"|"Polygender"|"Polygender"|"Ange Savins"
906|"Veradis"|"Frude"|"vfrudep5@dot.gov"|"Bigender"|"Bigender"|"Veradis Frude"
907|"Annaliese"|"Lescop"|"alescopp6@clickbank.net"|"Male"|"Male"|"Annaliese Lescop"
908|"Osbourne"|"Gaize"|"ogaizep7@surveymonkey.com"|"Polygender"|"Polygender"|"Osbourne Gaize"
909|"Alfred"|"Gueste"|"aguestep8@omniture.com"|"Polygender"|"Polygender"|"Alfred Gueste"
910|"Blanca"|"Halford"|"bhalfordp9@sitemeter.com"|"Non-binary"|"Non-binary"|"Blanca Halford"
911|"Shirlene"|"Everall"|"severallpa@myspace.com"|"Genderfluid"|"Genderfluid"|"Shirlene Everall"
912|"Dianna"|"Woloschin"|"dwoloschinpb@oakley.com"|"Agender"|"Agender"|"Dianna Woloschin"
913|"Eddi"|"Choppin"|"echoppinpc@un.org"|"Genderfluid"|"Genderfluid"|"Eddi Choppin"
914|"Bourke"|"Garshore"|"bgarshorepd@gov.uk"|"Genderqueer"|"Genderqueer"|"Bourke Garshore"
915|"Moritz"|"Besantie"|"mbesantiepe@plala.or.jp"|"Male"|"Male"|"Moritz Besantie"
916|"Leora"|"Pietzker"|"lpietzkerpf@toplist.cz"|"Non-binary"|"Non-binary"|"Leora Pietzker"
917|"Fletch"|"Humble"|"fhumblepg@ezinearticles.com"|"Polygender"|"Polygender"|"Fletch Humble"
918|"Cornelius"|"Delacourt"|"cdelacourtph@163.com"|"Polygender"|"Polygender"|"Cornelius Delacourt"
919|"Francisco"|"Scrace"|"fscracepi@shop-pro.jp"|"Genderfluid"|"Genderfluid"|"Francisco Scrace"
920|"Town"|"Sandbatch"|"tsandbatchpj@timesonline.co.uk"|"Female"|"Female"|"Town Sandbatch"
921|"Philipa"|"Renyard"|"prenyardpk@reverbnation.com"|"Female"|"Female"|"Philipa Renyard"
922|"Elfie"|"Peterken"|"epeterkenpl@flavors.me"|"Male"|"Male"|"Elfie Peterken"
923|"Hubert"|"Melby"|"hmelbypm@dedecms.com"|"Bigender"|"Bigender"|"Hubert Melby"
924|"Syman"|"Sarle"|"ssarlepn@indiatimes.com"|"Bigender"|"Bigender"|"Syman Sarle"
925|"Sarette"|"Buchan"|"sbuchanpo@msn.com"|"Polygender"|"Polygender"|"Sarette Buchan"
926|"Danyette"|"Farlowe"|"dfarlowepp@woothemes.com"|"Agender"|"Agender"|"Danyette Farlowe"
927|"Hussein"|"De Vaar"|"hdevaarpq@cbc.ca"|"Non-binary"|"Non-binary"|"Hussein De Vaar"
928|"Brittney"|"Dickon"|"bdickonpr@opera.com"|"Genderqueer"|"Genderqueer"|"Brittney Dickon"
929|"Morton"|"Chadburn"|"mchadburnps@google.fr"|"Female"|"Female"|"Morton Chadburn"
930|"Artair"|"Tremblett"|"atremblettpt@craigslist.org"|"Agender"|"Agender"|"Artair Tremblett"
931|"Candi"|"MacScherie"|"cmacscheriepu@clickbank.net"|"Genderfluid"|"Genderfluid"|"Candi MacScherie"
932|"Tito"|"Frisch"|"tfrischpv@rediff.com"|"Polygender"|"Polygender"|"Tito Frisch"
933|"Katinka"|"Etheridge"|"ketheridgepw@independent.co.uk"|"Genderqueer"|"Genderqueer"|"Katinka Etheridge"
934|"Maddy"|"Bratley"|"mbratleypx@npr.org"|"Female"|"Female"|"Maddy Bratley"
935|"Gretta"|"Heynel"|"gheynelpy@nationalgeographic.com"|"Bigender"|"Bigender"|"Gretta Heynel"
936|"Anastassia"|"Harford"|"aharfordpz@nba.com"|"Genderqueer"|"Genderqueer"|"Anastassia Harford"
937|"Denise"|"Prozillo"|"dprozilloq0@discuz.net"|"Female"|"Female"|"Denise Prozillo"
938|"Vivianna"|"Scotchmor"|"vscotchmorq1@soup.io"|"Non-binary"|"Non-binary"|"Vivianna Scotchmor"
939|"Casey"|"Sterke"|"csterkeq2@rediff.com"|"Male"|"Male"|"Casey Sterke"
940|"Cyrille"|"Dadley"|"cdadleyq3@github.io"|"Polygender"|"Polygender"|"Cyrille Dadley"
941|"Fulton"|"Eates"|"featesq4@salon.com"|"Non-binary"|"Non-binary"|"Fulton Eates"
942|"Holden"|"Marques"|"hmarquesq5@ifeng.com"|"Genderqueer"|"Genderqueer"|"Holden Marques"
943|"Loralyn"|"Amiranda"|"lamirandaq6@mail.ru"|"Genderfluid"|"Genderfluid"|"Loralyn Amiranda"
944|"Fiorenze"|"Phelit"|"fphelitq7@mapy.cz"|"Bigender"|"Bigender"|"Fiorenze Phelit"
945|"Rodolphe"|"St. Paul"|"rstpaulq8@amazon.co.uk"|"Genderqueer"|"Genderqueer"|"Rodolphe St. Paul"
946|"Ban"|"Taggart"|"btaggartq9@nyu.edu"|"Non-binary"|"Non-binary"|"Ban Taggart"
947|"Janine"|"Pearton"|"jpeartonqa@jiathis.com"|"Genderfluid"|"Genderfluid"|"Janine Pearton"
948|"Araldo"|"Fillon"|"afillonqb@umich.edu"|"Female"|"Female"|"Araldo Fillon"
949|"Lizbeth"|"Whymark"|"lwhymarkqc@google.com.au"|"Female"|"Female"|"Lizbeth Whymark"
950|"Ketty"|"Pitchford"|"kpitchfordqd@chicagotribune.com"|"Genderfluid"|"Genderfluid"|"Ketty Pitchford"
951|"Shem"|"Ferber"|"sferberqe@whitehouse.gov"|"Agender"|"Agender"|"Shem Ferber"
952|"Antonino"|"Giblett"|"agiblettqf@goo.ne.jp"|"Genderqueer"|"Genderqueer"|"Antonino Giblett"
953|"Barbi"|"Shaves"|"bshavesqg@w3.org"|"Agender"|"Agender"|"Barbi Shaves"
954|"Marcy"|"Ridhole"|"mridholeqh@canalblog.com"|"Female"|"Female"|"Marcy Ridhole"
955|"Blythe"|"Andras"|"bandrasqi@java.com"|"Agender"|"Agender"|"Blythe Andras"
956|"Alicia"|"Senchenko"|"asenchenkoqj@apple.com"|"Agender"|"Agender"|"Alicia Senchenko"
957|"Morena"|"Kiljan"|"mkiljanqk@pbs.org"|"Polygender"|"Polygender"|"Morena Kiljan"
958|"Gwennie"|"Wherrett"|"gwherrettql@wordpress.org"|"Genderfluid"|"Genderfluid"|"Gwennie Wherrett"
959|"Kevin"|"Trinke"|"ktrinkeqm@mysql.com"|"Female"|"Female"|"Kevin Trinke"
960|"Cicily"|"Rebillard"|"crebillardqn@gravatar.com"|"Polygender"|"Polygender"|"Cicily Rebillard"
961|"Reinhold"|"Charlin"|"rcharlinqo@ustream.tv"|"Agender"|"Agender"|"Reinhold Charlin"
962|"Joelynn"|"Janney"|"jjanneyqp@ed.gov"|"Genderfluid"|"Genderfluid"|"Joelynn Janney"
963|"Yolane"|"Gligoraci"|"ygligoraciqq@japanpost.jp"|"Polygender"|"Polygender"|"Yolane Gligoraci"
964|"Richardo"|"Trill"|"rtrillqr@imageshack.us"|"Polygender"|"Polygender"|"Richardo Trill"
965|"Homere"|"Stockley"|"hstockleyqs@europa.eu"|"Polygender"|"Polygender"|"Homere Stockley"
966|"Malissa"|"Kee"|"mkeeqt@wiley.com"|"Polygender"|"Polygender"|"Malissa Kee"
967|"Benita"|"Buyers"|"bbuyersqu@bravesites.com"|"Agender"|"Agender"|"Benita Buyers"
968|"Tamara"|"Dadds"|"tdaddsqv@earthlink.net"|"Genderfluid"|"Genderfluid"|"Tamara Dadds"
969|"Karil"|"Ebanks"|"kebanksqw@bravesites.com"|"Polygender"|"Polygender"|"Karil Ebanks"
970|"Lucius"|"Giamuzzo"|"lgiamuzzoqx@wikispaces.com"|"Non-binary"|"Non-binary"|"Lucius Giamuzzo"
971|"Lynnett"|"De Gregorio"|"ldegregorioqy@engadget.com"|"Male"|"Male"|"Lynnett De Gregorio"
972|"Sanderson"|"Probyn"|"sprobynqz@examiner.com"|"Genderfluid"|"Genderfluid"|"Sanderson Probyn"
973|"Verna"|"Laidel"|"vlaidelr0@utexas.edu"|"Polygender"|"Polygender"|"Verna Laidel"
974|"Genovera"|"Rubra"|"grubrar1@instagram.com"|"Genderfluid"|"Genderfluid"|"Genovera Rubra"
975|"Barnabe"|"Runham"|"brunhamr2@icq.com"|"Non-binary"|"Non-binary"|"Barnabe Runham"
976|"Guillema"|"Ditts"|"gdittsr3@lycos.com"|"Female"|"Female"|"Guillema Ditts"
977|"Tore"|"Hadkins"|"thadkinsr4@prweb.com"|"Genderfluid"|"Genderfluid"|"Tore Hadkins"
978|"Kali"|"Kupka"|"kkupkar5@newyorker.com"|"Non-binary"|"Non-binary"|"Kali Kupka"
979|"Inness"|"Karpov"|"ikarpovr6@admin.ch"|"Non-binary"|"Non-binary"|"Inness Karpov"
980|"Simmonds"|"Kybbye"|"skybbyer7@reddit.com"|"Polygender"|"Polygender"|"Simmonds Kybbye"
981|"Mendel"|"Rosenzveig"|"mrosenzveigr8@state.gov"|"Polygender"|"Polygender"|"Mendel Rosenzveig"
982|"Meaghan"|"Olivi"|"molivir9@prlog.org"|"Agender"|"Agender"|"Meaghan Olivi"
983|"Moyna"|"O'Crigan"|"mocriganra@google.com.br"|"Non-binary"|"Non-binary"|"Moyna O'Crigan"
984|"Fabien"|"Hesse"|"fhesserb@fc2.com"|"Genderqueer"|"Genderqueer"|"Fabien Hesse"
985|"Sybyl"|"Kurten"|"skurtenrc@google.com.hk"|"Male"|"Male"|"Sybyl Kurten"
986|"De witt"|"Hamblington"|"dhamblingtonrd@alexa.com"|"Female"|"Female"|"De witt Hamblington"
987|"Shelba"|"Luddy"|"sluddyre@noaa.gov"|"Bigender"|"Bigender"|"Shelba Luddy"
988|"Gail"|"Travis"|"gtravisrf@unicef.org"|"Agender"|"Agender"|"Gail Travis"
989|"Antone"|"Bradwell"|"abradwellrg@cbc.ca"|"Genderfluid"|"Genderfluid"|"Antone Bradwell"
990|"Batsheva"|"Cradduck"|"bcradduckrh@vkontakte.ru"|"Bigender"|"Bigender"|"Batsheva Cradduck"
991|"Dicky"|"Branigan"|"dbraniganri@hhs.gov"|"Genderfluid"|"Genderfluid"|"Dicky Branigan"
992|"Tasha"|"Islep"|"tisleprj@gnu.org"|"Agender"|"Agender"|"Tasha Islep"
993|"Joellyn"|"Chestle"|"jchestlerk@delicious.com"|"Genderfluid"|"Genderfluid"|"Joellyn Chestle"
994|"Blondy"|"Shiell"|"bshiellrl@fema.gov"|"Female"|"Female"|"Blondy Shiell"
995|"Gracie"|"Botger"|"gbotgerrm@scientificamerican.com"|"Polygender"|"Polygender"|"Gracie Botger"
996|"Roxana"|"Prandi"|"rprandirn@ox.ac.uk"|"Agender"|"Agender"|"Roxana Prandi"
997|"Matthus"|"Chadwin"|"mchadwinro@hibu.com"|"Female"|"Female"|"Matthus Chadwin"
998|"Artur"|"Fairbanks"|"afairbanksrp@live.com"|"Bigender"|"Bigender"|"Artur Fairbanks"
999|"Amalee"|"Bingall"|"abingallrq@yandex.ru"|"Genderqueer"|"Genderqueer"|"Amalee Bingall"
1000|"Gunther"|"Karlik"|"gkarlikrr@smh.com.au"|"Genderfluid"|"Genderfluid"|"Gunther Karlik"
